--
-- PostgreSQL database dump
--

-- Dumped from database version 16.3
-- Dumped by pg_dump version 16.3

SET statement_timeout = 0;
SET lock_timeout = 0;
SET idle_in_transaction_session_timeout = 0;
SET client_encoding = 'UTF8';
SET standard_conforming_strings = on;
SELECT pg_catalog.set_config('search_path', '', false);
SET check_function_bodies = false;
SET xmloption = content;
SET client_min_messages = warning;
SET row_security = off;

SET default_tablespace = '';

SET default_table_access_method = heap;

--
-- Name: auth_group; Type: TABLE; Schema: public; Owner: postgres
--

CREATE TABLE public.auth_group (
    id integer NOT NULL,
    name character varying(150) NOT NULL
);


ALTER TABLE public.auth_group OWNER TO postgres;

--
-- Name: auth_group_id_seq; Type: SEQUENCE; Schema: public; Owner: postgres
--

ALTER TABLE public.auth_group ALTER COLUMN id ADD GENERATED BY DEFAULT AS IDENTITY (
    SEQUENCE NAME public.auth_group_id_seq
    START WITH 1
    INCREMENT BY 1
    NO MINVALUE
    NO MAXVALUE
    CACHE 1
);


--
-- Name: auth_group_permissions; Type: TABLE; Schema: public; Owner: postgres
--

CREATE TABLE public.auth_group_permissions (
    id bigint NOT NULL,
    group_id integer NOT NULL,
    permission_id integer NOT NULL
);


ALTER TABLE public.auth_group_permissions OWNER TO postgres;

--
-- Name: auth_group_permissions_id_seq; Type: SEQUENCE; Schema: public; Owner: postgres
--

ALTER TABLE public.auth_group_permissions ALTER COLUMN id ADD GENERATED BY DEFAULT AS IDENTITY (
    SEQUENCE NAME public.auth_group_permissions_id_seq
    START WITH 1
    INCREMENT BY 1
    NO MINVALUE
    NO MAXVALUE
    CACHE 1
);


--
-- Name: auth_permission; Type: TABLE; Schema: public; Owner: postgres
--

CREATE TABLE public.auth_permission (
    id integer NOT NULL,
    name character varying(255) NOT NULL,
    content_type_id integer NOT NULL,
    codename character varying(100) NOT NULL
);


ALTER TABLE public.auth_permission OWNER TO postgres;

--
-- Name: auth_permission_id_seq; Type: SEQUENCE; Schema: public; Owner: postgres
--

ALTER TABLE public.auth_permission ALTER COLUMN id ADD GENERATED BY DEFAULT AS IDENTITY (
    SEQUENCE NAME public.auth_permission_id_seq
    START WITH 1
    INCREMENT BY 1
    NO MINVALUE
    NO MAXVALUE
    CACHE 1
);


--
-- Name: auth_user; Type: TABLE; Schema: public; Owner: postgres
--

CREATE TABLE public.auth_user (
    id integer NOT NULL,
    password character varying(128) NOT NULL,
    last_login timestamp with time zone,
    is_superuser boolean NOT NULL,
    username character varying(150) NOT NULL,
    first_name character varying(150) NOT NULL,
    last_name character varying(150) NOT NULL,
    email character varying(254) NOT NULL,
    is_staff boolean NOT NULL,
    is_active boolean NOT NULL,
    date_joined timestamp with time zone NOT NULL
);


ALTER TABLE public.auth_user OWNER TO postgres;

--
-- Name: auth_user_groups; Type: TABLE; Schema: public; Owner: postgres
--

CREATE TABLE public.auth_user_groups (
    id bigint NOT NULL,
    user_id integer NOT NULL,
    group_id integer NOT NULL
);


ALTER TABLE public.auth_user_groups OWNER TO postgres;

--
-- Name: auth_user_groups_id_seq; Type: SEQUENCE; Schema: public; Owner: postgres
--

ALTER TABLE public.auth_user_groups ALTER COLUMN id ADD GENERATED BY DEFAULT AS IDENTITY (
    SEQUENCE NAME public.auth_user_groups_id_seq
    START WITH 1
    INCREMENT BY 1
    NO MINVALUE
    NO MAXVALUE
    CACHE 1
);


--
-- Name: auth_user_id_seq; Type: SEQUENCE; Schema: public; Owner: postgres
--

ALTER TABLE public.auth_user ALTER COLUMN id ADD GENERATED BY DEFAULT AS IDENTITY (
    SEQUENCE NAME public.auth_user_id_seq
    START WITH 1
    INCREMENT BY 1
    NO MINVALUE
    NO MAXVALUE
    CACHE 1
);


--
-- Name: auth_user_user_permissions; Type: TABLE; Schema: public; Owner: postgres
--

CREATE TABLE public.auth_user_user_permissions (
    id bigint NOT NULL,
    user_id integer NOT NULL,
    permission_id integer NOT NULL
);


ALTER TABLE public.auth_user_user_permissions OWNER TO postgres;

--
-- Name: auth_user_user_permissions_id_seq; Type: SEQUENCE; Schema: public; Owner: postgres
--

ALTER TABLE public.auth_user_user_permissions ALTER COLUMN id ADD GENERATED BY DEFAULT AS IDENTITY (
    SEQUENCE NAME public.auth_user_user_permissions_id_seq
    START WITH 1
    INCREMENT BY 1
    NO MINVALUE
    NO MAXVALUE
    CACHE 1
);


--
-- Name: casform; Type: TABLE; Schema: public; Owner: postgres
--

CREATE TABLE public.casform (
    casid integer NOT NULL,
    "Claim_ID" character varying(255) NOT NULL,
    "Insurance" character varying(255) NOT NULL,
    "Facility" character varying(255) NOT NULL,
    "Charge_From_Date" character varying(20) NOT NULL,
    "Charge_To_Date" character varying(20) NOT NULL,
    "Facility_NPI" character varying(255) NOT NULL,
    "Primary_Member_ID" character varying(255) NOT NULL,
    "Charge_Debit_Amount" character varying(20) NOT NULL,
    "Pat_Primary_Payer_Name" character varying(255) NOT NULL,
    "Patient_Full_Name" character varying(255) NOT NULL,
    "Patient_Birthday" character varying(20) NOT NULL,
    "Current_Billing_Status" character varying(255) NOT NULL,
    "Claim_Number" character varying(255) NOT NULL,
    "Patient_Account_Number" character varying(255) NOT NULL,
    "UHC_Availity_ClaimStatus" character varying(255) NOT NULL,
    "Total_BilledAmount" character varying(20) NOT NULL,
    "Total_Paid" character varying(20) NOT NULL,
    "Total_Adjustment" character varying(20) NOT NULL,
    "Total_Patient_Responsibility" character varying(20) NOT NULL,
    "Service_Code" character varying(255) NOT NULL,
    "Billing_Amount" character varying(20) NOT NULL,
    "Allowed_Amount" character varying(20) NOT NULL,
    "Paid_Amount" character varying(20) NOT NULL,
    "Check_Number" character varying(255) NOT NULL,
    "Check_Date" character varying(20) NOT NULL,
    "Remark_Code" character varying(255) NOT NULL,
    "Category_1" character varying(255) NOT NULL,
    "Status_1" character varying(255) NOT NULL,
    "Description_1" character varying(255) NOT NULL,
    "Status_Description_1" character varying(255) NOT NULL,
    "Claim_Reason_Code_1" character varying(255) NOT NULL,
    "Category_2" character varying(255) NOT NULL,
    "Status_2" character varying(255) NOT NULL,
    "Description_2" character varying(255) NOT NULL,
    "Status_Description_2" character varying(255) NOT NULL,
    "Claim_Reason_Code_2" character varying(255) NOT NULL,
    "Category_3" character varying(255) NOT NULL,
    "Status_3" character varying(255) NOT NULL,
    "Description_3" character varying(255) NOT NULL,
    "Status_Description_3" character varying(255) NOT NULL,
    "Bot_Status" character varying(255) NOT NULL,
    "Comments" character varying(255) NOT NULL,
    "Updated_By" character varying(255) NOT NULL,
    "RCM_Comments" character varying(255) NOT NULL,
    cas_assigned_name character varying(255) NOT NULL,
    cas_status character varying(20) NOT NULL,
    cas_assigned_to character varying(20) NOT NULL
);


ALTER TABLE public.casform OWNER TO postgres;

--
-- Name: casform_casid_seq; Type: SEQUENCE; Schema: public; Owner: postgres
--

ALTER TABLE public.casform ALTER COLUMN casid ADD GENERATED BY DEFAULT AS IDENTITY (
    SEQUENCE NAME public.casform_casid_seq
    START WITH 1
    INCREMENT BY 1
    NO MINVALUE
    NO MAXVALUE
    CACHE 1
);


--
-- Name: charging_list; Type: TABLE; Schema: public; Owner: postgres
--

CREATE TABLE public.charging_list (
    id bigint NOT NULL,
    state character varying(255),
    category character varying(255),
    base_fare character varying(255),
    flat_fee character varying(255),
    free_for character varying(255),
    per_page character varying(255),
    fee_limit character varying(255),
    fee_limit_for_mail character varying(255),
    fee_limit_for_electronic character varying(255),
    page_1 character varying(255),
    page_1_to_5 character varying(255),
    page_1_to_10 character varying(255),
    page_1_to_20 character varying(255),
    page_1_to_25 character varying(255),
    page_1_to_30 character varying(255),
    page_1_to_40 character varying(255),
    page_1_to_50 character varying(255),
    page_1_to_80 character varying(255),
    page_1_to_100 character varying(255),
    page_1_to_150 character varying(255),
    page_1_to_250 character varying(255),
    page_1_to_1000 character varying(255),
    page_2_to_30 character varying(255),
    page_2_to_200 character varying(255),
    page_11_to_20 character varying(255),
    page_11_to_40 character varying(255),
    page_11_to_50 character varying(255),
    page_21_to_30 character varying(255),
    page_21_to_40 character varying(255),
    page_21_to_50 character varying(255),
    page_21_to_60 character varying(255),
    page_21_to_100 character varying(255),
    page_21_to_500 character varying(255),
    page_26_to_100 character varying(255),
    page_26_to_350 character varying(255),
    page_31_to_100 character varying(255),
    page_101_to_200 character varying(255),
    above_5_pages character varying(255),
    above_10_pages character varying(255),
    above_20_pages character varying(255),
    above_25_pages character varying(255),
    above_30_pages character varying(255),
    above_40_pages character varying(255),
    above_50_pages character varying(255),
    above_60_pages character varying(255),
    above_80_pages character varying(255),
    above_100_pages character varying(255),
    above_150_pages character varying(255),
    above_200_pages character varying(255),
    above_250_pages character varying(255),
    above_350_pages character varying(255),
    above_500_pages character varying(255),
    above_1000_pages character varying(255),
    first_hour character varying(255),
    each_additional_hour character varying(255),
    required_fee character varying(255),
    amount character varying(255),
    optional_fee character varying(255),
    amount_1 character varying(255),
    optional_fee_1 character varying(255),
    amount_2 character varying(255),
    minimum_fee character varying(255),
    email character varying(255),
    mail character varying(255)
);


ALTER TABLE public.charging_list OWNER TO postgres;

--
-- Name: charging_list_id_seq; Type: SEQUENCE; Schema: public; Owner: postgres
--

ALTER TABLE public.charging_list ALTER COLUMN id ADD GENERATED BY DEFAULT AS IDENTITY (
    SEQUENCE NAME public.charging_list_id_seq
    START WITH 1
    INCREMENT BY 1
    NO MINVALUE
    NO MAXVALUE
    CACHE 1
);


--
-- Name: django_admin_log; Type: TABLE; Schema: public; Owner: postgres
--

CREATE TABLE public.django_admin_log (
    id integer NOT NULL,
    action_time timestamp with time zone NOT NULL,
    object_id text,
    object_repr character varying(200) NOT NULL,
    action_flag smallint NOT NULL,
    change_message text NOT NULL,
    content_type_id integer,
    user_id integer NOT NULL,
    CONSTRAINT django_admin_log_action_flag_check CHECK ((action_flag >= 0))
);


ALTER TABLE public.django_admin_log OWNER TO postgres;

--
-- Name: django_admin_log_id_seq; Type: SEQUENCE; Schema: public; Owner: postgres
--

ALTER TABLE public.django_admin_log ALTER COLUMN id ADD GENERATED BY DEFAULT AS IDENTITY (
    SEQUENCE NAME public.django_admin_log_id_seq
    START WITH 1
    INCREMENT BY 1
    NO MINVALUE
    NO MAXVALUE
    CACHE 1
);


--
-- Name: django_content_type; Type: TABLE; Schema: public; Owner: postgres
--

CREATE TABLE public.django_content_type (
    id integer NOT NULL,
    app_label character varying(100) NOT NULL,
    model character varying(100) NOT NULL
);


ALTER TABLE public.django_content_type OWNER TO postgres;

--
-- Name: django_content_type_id_seq; Type: SEQUENCE; Schema: public; Owner: postgres
--

ALTER TABLE public.django_content_type ALTER COLUMN id ADD GENERATED BY DEFAULT AS IDENTITY (
    SEQUENCE NAME public.django_content_type_id_seq
    START WITH 1
    INCREMENT BY 1
    NO MINVALUE
    NO MAXVALUE
    CACHE 1
);


--
-- Name: django_migrations; Type: TABLE; Schema: public; Owner: postgres
--

CREATE TABLE public.django_migrations (
    id bigint NOT NULL,
    app character varying(255) NOT NULL,
    name character varying(255) NOT NULL,
    applied timestamp with time zone NOT NULL
);


ALTER TABLE public.django_migrations OWNER TO postgres;

--
-- Name: django_migrations_id_seq; Type: SEQUENCE; Schema: public; Owner: postgres
--

ALTER TABLE public.django_migrations ALTER COLUMN id ADD GENERATED BY DEFAULT AS IDENTITY (
    SEQUENCE NAME public.django_migrations_id_seq
    START WITH 1
    INCREMENT BY 1
    NO MINVALUE
    NO MAXVALUE
    CACHE 1
);


--
-- Name: django_session; Type: TABLE; Schema: public; Owner: postgres
--

CREATE TABLE public.django_session (
    session_key character varying(40) NOT NULL,
    session_data text NOT NULL,
    expire_date timestamp with time zone NOT NULL
);


ALTER TABLE public.django_session OWNER TO postgres;

--
-- Name: evrequest_evdetails; Type: TABLE; Schema: public; Owner: postgres
--

CREATE TABLE public.evrequest_evdetails (
    ev_remarks character varying(50),
    ev_status character varying(50),
    ev_assigned_to character varying(10),
    ev_assigned_name character varying(100),
    "Date_of_service" character varying(50),
    patient_name character varying(200),
    patient_id character varying(100),
    patient_dob character varying(50),
    plan_network character varying(200),
    subscriber_id character varying(100),
    subscriber_name character varying(250),
    subscriber_dob character varying(50),
    ev_createddatetime character varying(100),
    ev_assigned_createddatetime character varying(100),
    ev_closed_createddatetime character varying(100),
    ev_review_created_datetime character varying(100),
    ev_assigned_timedifference character varying(50),
    ev_progress_timedifference character varying(50),
    ev_id integer NOT NULL
);


ALTER TABLE public.evrequest_evdetails OWNER TO postgres;

--
-- Name: evrequest_evdetails_ev_id_seq; Type: SEQUENCE; Schema: public; Owner: postgres
--

ALTER TABLE public.evrequest_evdetails ALTER COLUMN ev_id ADD GENERATED BY DEFAULT AS IDENTITY (
    SEQUENCE NAME public.evrequest_evdetails_ev_id_seq
    START WITH 1
    INCREMENT BY 1
    NO MINVALUE
    NO MAXVALUE
    CACHE 1
);


--
-- Name: register_userdetails; Type: TABLE; Schema: public; Owner: postgres
--

CREATE TABLE public.register_userdetails (
    "user_Firstname" character varying(50),
    "user_Lastname" character varying(50),
    "user_Mobile" character varying(20),
    "user_Email" character varying(100),
    "user_Designation" character varying(100),
    "user_Company" character varying(100),
    "user_SecretKey" character varying(255),
    "user_Checklist" character varying(20),
    user_assign_flag character varying(10),
    "user_Username" text,
    "user_Password" text,
    "user_Createddatetime" date,
    "user_Type" character varying(50),
    "user_ID" integer NOT NULL
);


ALTER TABLE public.register_userdetails OWNER TO postgres;

--
-- Name: register_userdetails_user_ID_seq; Type: SEQUENCE; Schema: public; Owner: postgres
--

ALTER TABLE public.register_userdetails ALTER COLUMN "user_ID" ADD GENERATED BY DEFAULT AS IDENTITY (
    SEQUENCE NAME public."register_userdetails_user_ID_seq"
    START WITH 1
    INCREMENT BY 1
    NO MINVALUE
    NO MAXVALUE
    CACHE 1
);


--
-- Name: requestfile; Type: TABLE; Schema: public; Owner: postgres
--

CREATE TABLE public.requestfile (
    id bigint NOT NULL,
    file_path character varying(100) NOT NULL,
    request_id integer NOT NULL
);


ALTER TABLE public.requestfile OWNER TO postgres;

--
-- Name: requestfile_id_seq; Type: SEQUENCE; Schema: public; Owner: postgres
--

ALTER TABLE public.requestfile ALTER COLUMN id ADD GENERATED BY DEFAULT AS IDENTITY (
    SEQUENCE NAME public.requestfile_id_seq
    START WITH 1
    INCREMENT BY 1
    NO MINVALUE
    NO MAXVALUE
    CACHE 1
);


--
-- Name: upstremform; Type: TABLE; Schema: public; Owner: postgres
--

CREATE TABLE public.upstremform (
    request_id integer NOT NULL,
    request_date character varying(20),
    med_record_no character varying(255),
    last_name character varying(255),
    first_name character varying(255),
    mi character varying(255),
    request_type character varying(50),
    status character varying(255),
    encounter character varying(255),
    status_date character varying(20),
    "time" character varying(20),
    copies_due character varying(20),
    purpose text,
    birthdate character varying(20),
    fax_number character varying(255),
    ssn character varying(255),
    optional_info text,
    requestor character varying(255),
    company_no character varying(255),
    company character varying(255) NOT NULL,
    address1 character varying(255) NOT NULL,
    address2 character varying(255) NOT NULL,
    city character varying(255) NOT NULL,
    state character varying(255),
    zip_code character varying(255) NOT NULL,
    phone character varying(255),
    ext character varying(255),
    fax character varying(255),
    email character varying(255),
    tpo character varying(255),
    medicare character varying(255),
    suspend character varying(255),
    empl_open character varying(255),
    time_opened character varying(20),
    empl_close character varying(255),
    close_date character varying(20),
    time_closed character varying(20),
    cng_open_time character varying(20),
    cng_close_time character varying(20),
    invoice_no character varying(255) NOT NULL,
    balance numeric(10,2) NOT NULL,
    paper_copy_pages character varying(20),
    other_pages character varying(20),
    notes text NOT NULL,
    approve_doc_path character varying(255),
    approve_doc_status character varying(10),
    ev_createddatetime character varying(100),
    ev_assigned_createddatetime character varying(100),
    ev_closed_createddatetime character varying(100),
    ev_remarks character varying(100),
    ev_status character varying(100),
    ev_assigned_to character varying(255),
    ev_assigned_name character varying(100),
    misc1_path text NOT NULL,
    misc2_path text NOT NULL,
    misc3_path text NOT NULL,
    misc4_path text NOT NULL,
    misc5_path text NOT NULL,
    misc6_path text NOT NULL,
    patient_date_of_birth date,
    patient_first_name character varying(100),
    patient_last_name character varying(100),
    request_file character varying(100),
    requestor_email character varying(254),
    requestor_name character varying(100),
    disclosure_method character varying(255),
    external_request_createddatetime character varying(100),
    request_date2 character varying(20),
    file_name character varying(255),
    file_path character varying(255),
    total_amount numeric(10,2) NOT NULL,
    total_pages integer NOT NULL,
    misc1_pages integer NOT NULL,
    misc2_pages integer NOT NULL,
    misc3_pages integer NOT NULL,
    misc4_pages integer NOT NULL,
    misc5_pages integer NOT NULL,
    misc6_pages integer NOT NULL,
    misc10_pages integer NOT NULL,
    misc10_path text NOT NULL,
    misc7_pages integer NOT NULL,
    misc7_path text NOT NULL,
    misc8_pages integer NOT NULL,
    misc8_path text NOT NULL,
    misc9_pages integer NOT NULL,
    misc9_path text NOT NULL,
    invoice_pdf_path text,
    patient_no character varying(255) NOT NULL,
    invoice_number character varying(50),
    patient_from_date date,
    patient_to_date date,
    file_from_date date,
    file_to_date date,
    misc10_end_date date,
    misc10_start_date date,
    misc1_end_date date,
    misc1_start_date date,
    misc2_end_date date,
    misc2_start_date date,
    misc3_end_date date,
    misc3_start_date date,
    misc4_end_date date,
    misc4_start_date date,
    misc5_end_date date,
    misc5_start_date date,
    misc6_end_date date,
    misc6_start_date date,
    misc7_end_date date,
    misc7_start_date date,
    misc8_end_date date,
    misc8_start_date date,
    misc9_end_date date,
    misc9_start_date date
);


ALTER TABLE public.upstremform OWNER TO postgres;

--
-- Name: upstremform_request_id_seq; Type: SEQUENCE; Schema: public; Owner: postgres
--

ALTER TABLE public.upstremform ALTER COLUMN request_id ADD GENERATED BY DEFAULT AS IDENTITY (
    SEQUENCE NAME public.upstremform_request_id_seq
    START WITH 1
    INCREMENT BY 1
    NO MINVALUE
    NO MAXVALUE
    CACHE 1
);


--
-- Data for Name: auth_group; Type: TABLE DATA; Schema: public; Owner: postgres
--

COPY public.auth_group (id, name) FROM stdin;
\.


--
-- Data for Name: auth_group_permissions; Type: TABLE DATA; Schema: public; Owner: postgres
--

COPY public.auth_group_permissions (id, group_id, permission_id) FROM stdin;
\.


--
-- Data for Name: auth_permission; Type: TABLE DATA; Schema: public; Owner: postgres
--

COPY public.auth_permission (id, name, content_type_id, codename) FROM stdin;
1	Can add user details	1	add_userdetails
2	Can change user details	1	change_userdetails
3	Can delete user details	1	delete_userdetails
4	Can view user details	1	view_userdetails
5	Can add ev details	2	add_evdetails
6	Can change ev details	2	change_evdetails
7	Can delete ev details	2	delete_evdetails
8	Can view ev details	2	view_evdetails
9	Can add cas form	3	add_casform
10	Can change cas form	3	change_casform
11	Can delete cas form	3	delete_casform
12	Can view cas form	3	view_casform
13	Can add upstream form	4	add_upstreamform
14	Can change upstream form	4	change_upstreamform
15	Can delete upstream form	4	delete_upstreamform
16	Can view upstream form	4	view_upstreamform
17	Can add log entry	5	add_logentry
18	Can change log entry	5	change_logentry
19	Can delete log entry	5	delete_logentry
20	Can view log entry	5	view_logentry
21	Can add permission	6	add_permission
22	Can change permission	6	change_permission
23	Can delete permission	6	delete_permission
24	Can view permission	6	view_permission
25	Can add group	7	add_group
26	Can change group	7	change_group
27	Can delete group	7	delete_group
28	Can view group	7	view_group
29	Can add user	8	add_user
30	Can change user	8	change_user
31	Can delete user	8	delete_user
32	Can view user	8	view_user
33	Can add content type	9	add_contenttype
34	Can change content type	9	change_contenttype
35	Can delete content type	9	delete_contenttype
36	Can view content type	9	view_contenttype
37	Can add session	10	add_session
38	Can change session	10	change_session
39	Can delete session	10	delete_session
40	Can view session	10	view_session
41	Can add charging list	11	add_charginglist
42	Can change charging list	11	change_charginglist
43	Can delete charging list	11	delete_charginglist
44	Can view charging list	11	view_charginglist
45	Can add charges list	12	add_chargeslist
46	Can change charges list	12	change_chargeslist
47	Can delete charges list	12	delete_chargeslist
48	Can view charges list	12	view_chargeslist
49	Can add charging lists	13	add_charginglists
50	Can change charging lists	13	change_charginglists
51	Can delete charging lists	13	delete_charginglists
52	Can view charging lists	13	view_charginglists
53	Can add charged list	14	add_chargedlist
54	Can change charged list	14	change_chargedlist
55	Can delete charged list	14	delete_chargedlist
56	Can view charged list	14	view_chargedlist
57	Can add request file	15	add_requestfile
58	Can change request file	15	change_requestfile
59	Can delete request file	15	delete_requestfile
60	Can view request file	15	view_requestfile
\.


--
-- Data for Name: auth_user; Type: TABLE DATA; Schema: public; Owner: postgres
--

COPY public.auth_user (id, password, last_login, is_superuser, username, first_name, last_name, email, is_staff, is_active, date_joined) FROM stdin;
3		2024-09-24 20:35:42.349901+05:30	f	Wahid				f	t	2024-08-30 18:39:37.175089+05:30
4		2024-08-31 23:11:38.407489+05:30	f	Abdul				f	t	2024-08-31 21:42:05.419181+05:30
1	!60VE7OMe0TWP63pb4ISe9opn8JEkrgE6utZrrwsF	2024-09-25 20:51:40.193115+05:30	f	testadmin				f	t	2024-08-29 16:49:42.011688+05:30
\.


--
-- Data for Name: auth_user_groups; Type: TABLE DATA; Schema: public; Owner: postgres
--

COPY public.auth_user_groups (id, user_id, group_id) FROM stdin;
\.


--
-- Data for Name: auth_user_user_permissions; Type: TABLE DATA; Schema: public; Owner: postgres
--

COPY public.auth_user_user_permissions (id, user_id, permission_id) FROM stdin;
\.


--
-- Data for Name: casform; Type: TABLE DATA; Schema: public; Owner: postgres
--

COPY public.casform (casid, "Claim_ID", "Insurance", "Facility", "Charge_From_Date", "Charge_To_Date", "Facility_NPI", "Primary_Member_ID", "Charge_Debit_Amount", "Pat_Primary_Payer_Name", "Patient_Full_Name", "Patient_Birthday", "Current_Billing_Status", "Claim_Number", "Patient_Account_Number", "UHC_Availity_ClaimStatus", "Total_BilledAmount", "Total_Paid", "Total_Adjustment", "Total_Patient_Responsibility", "Service_Code", "Billing_Amount", "Allowed_Amount", "Paid_Amount", "Check_Number", "Check_Date", "Remark_Code", "Category_1", "Status_1", "Description_1", "Status_Description_1", "Claim_Reason_Code_1", "Category_2", "Status_2", "Description_2", "Status_Description_2", "Claim_Reason_Code_2", "Category_3", "Status_3", "Description_3", "Status_Description_3", "Bot_Status", "Comments", "Updated_By", "RCM_Comments", cas_assigned_name, cas_status, cas_assigned_to) FROM stdin;
\.


--
-- Data for Name: charging_list; Type: TABLE DATA; Schema: public; Owner: postgres
--

COPY public.charging_list (id, state, category, base_fare, flat_fee, free_for, per_page, fee_limit, fee_limit_for_mail, fee_limit_for_electronic, page_1, page_1_to_5, page_1_to_10, page_1_to_20, page_1_to_25, page_1_to_30, page_1_to_40, page_1_to_50, page_1_to_80, page_1_to_100, page_1_to_150, page_1_to_250, page_1_to_1000, page_2_to_30, page_2_to_200, page_11_to_20, page_11_to_40, page_11_to_50, page_21_to_30, page_21_to_40, page_21_to_50, page_21_to_60, page_21_to_100, page_21_to_500, page_26_to_100, page_26_to_350, page_31_to_100, page_101_to_200, above_5_pages, above_10_pages, above_20_pages, above_25_pages, above_30_pages, above_40_pages, above_50_pages, above_60_pages, above_80_pages, above_100_pages, above_150_pages, above_200_pages, above_250_pages, above_350_pages, above_500_pages, above_1000_pages, first_hour, each_additional_hour, required_fee, amount, optional_fee, amount_1, optional_fee_1, amount_2, minimum_fee, email, mail) FROM stdin;
2	Alabama	DDS	\N	18.0	\N	\N	\N	\N	\N	\N	\N	\N	\N	\N	\N	\N	\N	\N	\N	\N	\N	\N	\N	\N	\N	\N	\N	\N	\N	\N	\N	\N	\N	\N	\N	\N	\N	\N	\N	\N	\N	\N	\N	\N	\N	\N	\N	\N	\N	\N	\N	\N	\N	\N	\N	\N	\N	\N	\N	\N	\N	\N	\N	\N
11	Georgia	workers compensation	30.0	\N	\N	\N	\N	\N	\N	\N	\N	\N	\N	\N	\N	\N	\N	\N	\N	30.0	\N	\N	\N	\N	\N	\N	\N	\N	\N	\N	\N	\N	\N	\N	\N	\N	\N	\N	\N	\N	\N	\N	\N	\N	\N	\N	\N	0.2	\N	\N	\N	\N	\N	\N	\N	\N	\N	Postage	\N	\N	\N	\N	\N	\N
14	Iowa	workers compensation	20.0	\N	\N	\N	\N	\N	\N	\N	\N	\N	20.0	\N	\N	\N	\N	\N	\N	\N	\N	\N	\N	\N	\N	\N	\N	1.0	\N	\N	\N	\N	\N	\N	\N	0.5	0.24	\N	\N	\N	\N	\N	\N	\N	\N	\N	\N	\N	0.1	\N	\N	\N	\N	\N	\N	\N	\N	Cert	10.0	\N	\N	\N	\N	\N
4	Arkansas	DDS	\N	15.0	\N	\N	\N	\N	\N	\N	\N	\N	\N	\N	\N	\N	\N	\N	\N	\N	\N	\N	\N	\N	\N	\N	\N	\N	\N	\N	\N	\N	\N	\N	\N	\N	\N	\N	\N	\N	\N	\N	\N	\N	\N	\N	\N	\N	\N	\N	\N	\N	\N	\N	\N	\N	\N	\N	\N	\N	\N	\N	\N	\N
18	Kansas	workers compensation	\N	\N	\N	0.35	\N	\N	\N	\N	\N	\N	\N	\N	\N	\N	\N	\N	\N	\N	\N	\N	\N	\N	\N	\N	\N	\N	\N	\N	\N	\N	\N	\N	\N	\N	\N	\N	\N	\N	\N	\N	\N	\N	\N	\N	\N	\N	\N	\N	\N	\N	\N	\N	\N	\N	\N	\N	\N	\N	\N	\N	\N	\N
6	Colorado	DDS	\N	19.0	DDS attorneys	\N	\N	\N	\N	\N	\N	\N	\N	\N	\N	\N	\N	\N	\N	\N	\N	\N	\N	\N	\N	\N	\N	\N	\N	\N	\N	\N	\N	\N	\N	\N	\N	\N	\N	\N	\N	\N	\N	\N	\N	\N	\N	\N	\N	\N	\N	\N	\N	\N	\N	\N	\N	\N	\N	\N	\N	\N	\N	\N
7	Delaware	DDS	\N	15.0	\N	\N	\N	\N	\N	\N	\N	\N	\N	\N	\N	\N	\N	\N	\N	\N	\N	\N	\N	\N	\N	\N	\N	\N	\N	\N	\N	\N	\N	\N	\N	\N	\N	\N	\N	\N	\N	\N	\N	\N	\N	\N	\N	\N	\N	\N	\N	\N	\N	\N	\N	\N	\N	\N	\N	\N	\N	\N	\N	\N
8	Delaware	general	\N	\N	\N	\N	\N	\N	\N	\N	\N	\N	1.25	\N	\N	\N	\N	\N	\N	\N	\N	\N	\N	\N	\N	\N	\N	\N	\N	\N	0.9	\N	\N	\N	\N	\N	\N	\N	\N	\N	\N	\N	\N	\N	0.3	\N	\N	\N	\N	\N	\N	\N	\N	\N	\N	Retrieval	25.0	\N	\N	\N	\N	\N	\N	\N
22	Kentucky	workers compensation	\N	\N	All attorneys	0.5	\N	\N	\N	\N	\N	\N	\N	\N	\N	\N	\N	\N	\N	\N	\N	\N	\N	\N	\N	\N	\N	\N	\N	\N	\N	\N	\N	\N	\N	\N	\N	\N	\N	\N	\N	\N	\N	\N	\N	\N	\N	\N	\N	\N	\N	\N	\N	\N	\N	\N	\N	\N	\N	\N	\N	\N	\N	\N
28	Missouri	workers compensation	\N	\N	Billing only	0.63	120.32	\N	\N	\N	\N	\N	\N	\N	\N	\N	\N	\N	\N	\N	\N	\N	\N	\N	\N	\N	\N	\N	\N	\N	\N	\N	\N	\N	\N	\N	\N	\N	\N	\N	\N	\N	\N	\N	\N	\N	\N	\N	\N	\N	\N	\N	\N	\N	\N	Handling	27.45	Notary	2.0	\N	\N	\N	\N	\N
12	Georgia	DDS	\N	15.0	DDS attorneys	\N	\N	\N	\N	\N	\N	\N	\N	\N	\N	\N	\N	\N	\N	\N	\N	\N	\N	\N	\N	\N	\N	\N	\N	\N	\N	\N	\N	\N	\N	\N	\N	\N	\N	\N	\N	\N	\N	\N	\N	\N	\N	\N	\N	\N	\N	\N	\N	\N	\N	\N	\N	\N	\N	\N	\N	\N	\N	\N
33	Mississippi	workers compensation	15.0	\N	\N	\N	\N	\N	\N	\N	15.0	\N	\N	\N	\N	\N	\N	\N	\N	\N	\N	\N	\N	\N	\N	\N	\N	\N	\N	\N	\N	\N	\N	\N	\N	\N	\N	0.5	\N	\N	\N	\N	\N	\N	\N	\N	\N	\N	\N	\N	\N	\N	\N	\N	\N	\N	\N	\N	\N	\N	\N	\N	\N	\N
69	Non-billable other	Non-billable other	\N	\N	\N	\N	\N	\N	\N	\N	\N	\N	\N	\N	\N	\N	\N	\N	\N	\N	\N	\N	\N	\N	\N	\N	\N	\N	\N	\N	\N	\N	\N	\N	\N	\N	\N	\N	\N	\N	\N	\N	\N	\N	\N	\N	\N	\N	\N	\N	\N	\N	\N	\N	\N	\N	\N	\N	\N	\N	\N	\N	\N	\N
15	Indiana	DDS	\N	14.0	\N	\N	\N	\N	\N	\N	\N	\N	\N	\N	\N	\N	\N	\N	\N	\N	\N	\N	\N	\N	\N	\N	\N	\N	\N	\N	\N	\N	\N	\N	\N	\N	\N	\N	\N	\N	\N	\N	\N	\N	\N	\N	\N	\N	\N	\N	\N	\N	\N	\N	\N	\N	\N	\N	\N	\N	\N	\N	\N	\N
16	New Jersey	DDS	\N	10.0	\N	\N	\N	\N	\N	\N	\N	\N	\N	\N	\N	\N	\N	\N	\N	\N	\N	\N	\N	\N	\N	\N	\N	\N	\N	\N	\N	\N	\N	\N	\N	\N	\N	\N	\N	\N	\N	\N	\N	\N	\N	\N	\N	\N	\N	\N	\N	\N	\N	\N	\N	\N	\N	\N	\N	\N	\N	\N	\N	\N
17	Kansas	general	\N	\N	\N	\N	\N	\N	\N	\N	\N	\N	\N	\N	\N	\N	\N	\N	\N	\N	0.63	\N	\N	\N	\N	\N	\N	\N	\N	\N	\N	\N	\N	\N	\N	\N	\N	\N	\N	\N	\N	\N	\N	\N	\N	\N	\N	\N	\N	0.45	\N	\N	\N	\N	\N	Retrieval	18.97	\N	\N	\N	\N	\N	\N	\N
70	Deposition	Deposition	\N	\N	\N	\N	\N	\N	\N	\N	\N	\N	\N	\N	\N	\N	\N	\N	\N	\N	\N	\N	\N	\N	\N	\N	\N	\N	\N	\N	\N	\N	\N	\N	\N	\N	\N	\N	\N	\N	\N	\N	\N	\N	\N	\N	\N	\N	\N	\N	\N	\N	\N	350.0	125.0	\N	\N	\N	\N	\N	\N	\N	\N	\N
19	Kansas	DDS	\N	30.0	\N	\N	\N	\N	\N	\N	\N	\N	\N	\N	\N	\N	\N	\N	\N	\N	\N	\N	\N	\N	\N	\N	\N	\N	\N	\N	\N	\N	\N	\N	\N	\N	\N	\N	\N	\N	\N	\N	\N	\N	\N	\N	\N	\N	\N	\N	\N	\N	\N	\N	\N	\N	\N	\N	\N	\N	\N	\N	\N	\N
20	Kentucky	general	\N	\N	All attorneys	1.0	\N	\N	\N	\N	\N	\N	\N	\N	\N	\N	\N	\N	\N	\N	\N	\N	\N	\N	\N	\N	\N	\N	\N	\N	\N	\N	\N	\N	\N	\N	\N	\N	\N	\N	\N	\N	\N	\N	\N	\N	\N	\N	\N	\N	\N	\N	\N	\N	\N	\N	\N	\N	\N	\N	\N	\N	\N	\N
21	Kentucky	DDS	\N	15.0	DDS attorneys	\N	\N	\N	\N	\N	\N	\N	\N	\N	\N	\N	\N	\N	\N	\N	\N	\N	\N	\N	\N	\N	\N	\N	\N	\N	\N	\N	\N	\N	\N	\N	\N	\N	\N	\N	\N	\N	\N	\N	\N	\N	\N	\N	\N	\N	\N	\N	\N	\N	\N	\N	\N	\N	\N	\N	\N	\N	\N	\N
13	Indiana	general	20.0	\N	\N	\N	\N	\N	\N	\N	\N	20.0	\N	\N	\N	\N	\N	\N	\N	\N	\N	\N	\N	\N	\N	\N	0.5	\N	\N	\N	\N	\N	\N	\N	\N	\N	\N	\N	\N	\N	\N	\N	\N	0.25	\N	\N	\N	\N	\N	\N	\N	\N	\N	\N	\N	\N	\N	Postage	\N	\N	\N	\N	\N	\N
23	Louisiana	general	\N	\N	\N	\N	100.0	\N	\N	\N	\N	\N	\N	1.0	\N	\N	\N	\N	\N	\N	\N	\N	\N	\N	\N	\N	\N	\N	\N	\N	\N	\N	\N	\N	0.5	\N	\N	\N	\N	\N	\N	\N	\N	\N	\N	\N	\N	\N	\N	\N	0.25	\N	\N	\N	\N	Handling	25.0	\N	\N	\N	\N	\N	\N	\N
24	Louisiana	DDS	\N	20.0	\N	\N	\N	\N	\N	\N	\N	\N	\N	\N	\N	\N	\N	\N	\N	\N	\N	\N	\N	\N	\N	\N	\N	\N	\N	\N	\N	\N	\N	\N	\N	\N	\N	\N	\N	\N	\N	\N	\N	\N	\N	\N	\N	\N	\N	\N	\N	\N	\N	\N	\N	\N	\N	\N	\N	\N	\N	\N	\N	\N
26	Michigan	DDS	\N	15.0	\N	\N	\N	\N	\N	\N	\N	\N	\N	\N	\N	\N	\N	\N	\N	\N	\N	\N	\N	\N	\N	\N	\N	\N	\N	\N	\N	\N	\N	\N	\N	\N	\N	\N	\N	\N	\N	\N	\N	\N	\N	\N	\N	\N	\N	\N	\N	\N	\N	\N	\N	\N	\N	\N	\N	\N	\N	\N	\N	\N
27	Missouri	general	\N	\N	Billing only	0.63	120.32	\N	\N	\N	\N	\N	\N	\N	\N	\N	\N	\N	\N	\N	\N	\N	\N	\N	\N	\N	\N	\N	\N	\N	\N	\N	\N	\N	\N	\N	\N	\N	\N	\N	\N	\N	\N	\N	\N	\N	\N	\N	\N	\N	\N	\N	\N	\N	\N	Handling	27.45	Notary	2.0	\N	\N	\N	\N	\N
29	Missouri	DDS	\N	\N	\N	0.63	120.32	\N	\N	\N	\N	\N	\N	\N	\N	\N	\N	\N	\N	\N	\N	\N	\N	\N	\N	\N	\N	\N	\N	\N	\N	\N	\N	\N	\N	\N	\N	\N	\N	\N	\N	\N	\N	\N	\N	\N	\N	\N	\N	\N	\N	\N	\N	\N	\N	\N	\N	\N	\N	\N	\N	\N	\N	\N
30	Maryland	general	\N	\N	\N	0.57	80.0	\N	\N	\N	\N	\N	\N	\N	\N	\N	\N	\N	\N	\N	\N	\N	\N	\N	\N	\N	\N	\N	\N	\N	\N	\N	\N	\N	\N	\N	\N	\N	\N	\N	\N	\N	\N	\N	\N	\N	\N	\N	\N	\N	\N	\N	\N	\N	\N	Retrieval	22.88	\N	\N	\N	\N	\N	\N	\N
31	Maryland	DDS	\N	15.0	\N	\N	\N	\N	\N	\N	\N	\N	\N	\N	\N	\N	\N	\N	\N	\N	\N	\N	\N	\N	\N	\N	\N	\N	\N	\N	\N	\N	\N	\N	\N	\N	\N	\N	\N	\N	\N	\N	\N	\N	\N	\N	\N	\N	\N	\N	\N	\N	\N	\N	\N	\N	\N	\N	\N	\N	\N	\N	\N	\N
32	Mississippi	general	\N	\N	\N	\N	\N	\N	\N	\N	\N	\N	\N	\N	\N	\N	\N	1.0	\N	\N	\N	\N	\N	\N	\N	\N	\N	\N	\N	\N	\N	\N	\N	\N	\N	\N	\N	\N	\N	\N	\N	\N	\N	\N	\N	0.5	\N	\N	\N	\N	\N	\N	\N	\N	\N	\N	\N	Cert	25.0	\N	\N	\N	\N	\N
34	Mississippi	DDS	\N	14.0	\N	\N	\N	\N	\N	\N	\N	\N	\N	\N	\N	\N	\N	\N	\N	\N	\N	\N	\N	\N	\N	\N	\N	\N	\N	\N	\N	\N	\N	\N	\N	\N	\N	\N	\N	\N	\N	\N	\N	\N	\N	\N	\N	\N	\N	\N	\N	\N	\N	\N	\N	\N	\N	\N	\N	\N	\N	\N	\N	\N
45	Oregon	workers compensation	10.0	\N	\N	\N	\N	\N	\N	10.0	\N	\N	\N	\N	\N	\N	\N	\N	\N	\N	\N	\N	\N	0.5	\N	\N	\N	\N	\N	\N	\N	\N	\N	\N	\N	\N	\N	\N	\N	\N	\N	\N	\N	\N	\N	\N	\N	\N	No charge	\N	\N	\N	\N	\N	\N	\N	\N	\N	\N	\N	\N	\N	\N	\N
39	North Carolina	DDS	\N	15.0	\N	\N	\N	\N	\N	\N	\N	\N	\N	\N	\N	\N	\N	\N	\N	\N	\N	\N	\N	\N	\N	\N	\N	\N	\N	\N	\N	\N	\N	\N	\N	\N	\N	\N	\N	\N	\N	\N	\N	\N	\N	\N	\N	\N	\N	\N	\N	\N	\N	\N	\N	\N	\N	\N	\N	\N	\N	\N	\N	\N
48	Pennsylvania	workers compensation	\N	\N	\N	0.12	\N	\N	\N	\N	\N	\N	\N	\N	\N	\N	\N	\N	\N	\N	\N	\N	\N	\N	\N	\N	\N	\N	\N	\N	\N	\N	\N	\N	\N	\N	\N	\N	\N	\N	\N	\N	\N	\N	\N	\N	\N	\N	\N	\N	\N	\N	\N	\N	\N	\N	\N	Postage	\N	\N	\N	\N	\N	\N
41	Ohio	DDS	\N	20.0	DDS attorney	\N	\N	\N	\N	\N	\N	\N	\N	\N	\N	\N	\N	\N	\N	\N	\N	\N	\N	\N	\N	\N	\N	\N	\N	\N	\N	\N	\N	\N	\N	\N	\N	\N	\N	\N	\N	\N	\N	\N	\N	\N	\N	\N	\N	\N	\N	\N	\N	\N	\N	\N	\N	\N	\N	\N	\N	\N	\N	\N
52	South Carolina	workers compensation	\N	\N	\N	\N	200.0	\N	\N	\N	\N	\N	\N	\N	0.65	\N	\N	\N	\N	\N	\N	\N	\N	\N	\N	\N	\N	\N	\N	\N	\N	\N	\N	\N	\N	\N	\N	\N	\N	\N	\N	0.5	\N	\N	\N	\N	\N	\N	\N	\N	\N	\N	\N	\N	\N	Clerical	15.0	Postage	\N	\N	\N	\N	\N	\N
43	Oklahoma	DDS	\N	18.0	\N	\N	\N	\N	\N	\N	\N	\N	\N	\N	\N	\N	\N	\N	\N	\N	\N	\N	\N	\N	\N	\N	\N	\N	\N	\N	\N	\N	\N	\N	\N	\N	\N	\N	\N	\N	\N	\N	\N	\N	\N	\N	\N	\N	\N	\N	\N	\N	\N	\N	\N	\N	\N	\N	\N	\N	\N	\N	\N	\N
58	Texas	workers compensation	\N	\N	All attorneys	0.5	\N	\N	\N	\N	\N	\N	\N	\N	\N	\N	\N	\N	\N	\N	\N	\N	\N	\N	\N	\N	\N	\N	\N	\N	\N	\N	\N	\N	\N	\N	\N	\N	\N	\N	\N	\N	\N	\N	\N	\N	\N	\N	\N	\N	\N	\N	\N	\N	\N	\N	\N	\N	\N	\N	\N	\N	\N	\N
46	Oregon	DDS	18.0	\N	DDS attorney	\N	\N	\N	\N	\N	\N	18.0	\N	\N	\N	\N	\N	\N	\N	\N	\N	\N	\N	\N	0.25	\N	\N	\N	0.1	\N	\N	\N	\N	\N	\N	\N	\N	\N	\N	\N	\N	\N	No charge	\N	\N	\N	\N	\N	\N	\N	\N	\N	\N	\N	\N	\N	\N	\N	\N	\N	\N	\N	\N	\N
65	Washington	workers compensation	\N	\N	\N	\N	\N	\N	\N	\N	\N	\N	\N	\N	\N	\N	\N	\N	\N	\N	\N	0.53	\N	\N	\N	\N	\N	\N	\N	\N	\N	\N	\N	\N	\N	\N	\N	\N	\N	\N	\N	\N	\N	\N	\N	\N	\N	\N	\N	\N	\N	\N	No charge	\N	\N	\N	\N	\N	\N	\N	\N	\N	\N	\N
49	Pennsylvania	DDS	\N	30.08	\N	\N	\N	\N	\N	\N	\N	\N	\N	\N	\N	\N	\N	\N	\N	\N	\N	\N	\N	\N	\N	\N	\N	\N	\N	\N	\N	\N	\N	\N	\N	\N	\N	\N	\N	\N	\N	\N	\N	\N	\N	\N	\N	\N	\N	\N	\N	\N	\N	\N	\N	\N	\N	\N	\N	\N	\N	\N	\N	\N
68	Doctor's office	Doctor's office	\N	\N	\N	\N	\N	\N	\N	\N	\N	\N	\N	\N	\N	\N	\N	\N	\N	\N	\N	\N	\N	\N	\N	\N	\N	\N	\N	\N	\N	\N	\N	\N	\N	\N	\N	\N	\N	\N	\N	\N	\N	\N	\N	\N	\N	\N	\N	\N	\N	\N	\N	\N	\N	\N	\N	\N	\N	\N	\N	\N	\N	\N
51	Maryland	DDS	\N	15.0	\N	\N	\N	\N	\N	\N	\N	\N	\N	\N	\N	\N	\N	\N	\N	\N	\N	\N	\N	\N	\N	\N	\N	\N	\N	\N	\N	\N	\N	\N	\N	\N	\N	\N	\N	\N	\N	\N	\N	\N	\N	\N	\N	\N	\N	\N	\N	\N	\N	\N	\N	\N	\N	\N	\N	\N	\N	\N	\N	\N
37	North Carolina	general	\N	\N	personal injury attorneys	\N	\N	\N	\N	\N	\N	\N	\N	0.75	\N	\N	\N	\N	\N	\N	\N	\N	\N	\N	\N	\N	\N	\N	\N	\N	\N	\N	\N	0.5	\N	\N	\N	\N	\N	\N	\N	\N	\N	\N	\N	\N	0.25	\N	\N	\N	\N	\N	\N	\N	\N	\N	\N	\N	\N	\N	\N	10.0	\N	\N
53	South Carolina	DDS	\N	20.0	\N	\N	\N	\N	\N	\N	\N	\N	\N	\N	\N	\N	\N	\N	\N	\N	\N	\N	\N	\N	\N	\N	\N	\N	\N	\N	\N	\N	\N	\N	\N	\N	\N	\N	\N	\N	\N	\N	\N	\N	\N	\N	\N	\N	\N	\N	\N	\N	\N	\N	\N	\N	\N	\N	\N	\N	\N	\N	\N	\N
38	North Carolina	workers compensation	\N	\N	\N	\N	\N	\N	\N	\N	\N	\N	\N	\N	\N	0.5	\N	\N	\N	\N	\N	\N	\N	\N	\N	\N	\N	\N	\N	\N	\N	\N	\N	\N	\N	\N	\N	\N	\N	\N	\N	\N	0.2	\N	\N	\N	\N	\N	\N	\N	\N	\N	\N	\N	\N	\N	\N	\N	\N	\N	\N	10.0	\N	\N
67	Patient	Patient	\N	\N	\N	\N	\N	\N	\N	\N	\N	\N	\N	\N	\N	\N	\N	\N	\N	\N	\N	\N	\N	\N	\N	\N	\N	\N	\N	\N	\N	\N	\N	\N	\N	\N	\N	\N	\N	\N	\N	\N	\N	\N	\N	\N	\N	\N	\N	\N	\N	\N	\N	\N	\N	\N	\N	\N	\N	\N	\N	\N	6.50	8.50
56	Tennessee	DDS	\N	20.0	\N	\N	\N	\N	\N	\N	\N	\N	\N	\N	\N	\N	\N	\N	\N	\N	\N	\N	\N	\N	\N	\N	\N	\N	\N	\N	\N	\N	\N	\N	\N	\N	\N	\N	\N	\N	\N	\N	\N	\N	\N	\N	\N	\N	\N	\N	\N	\N	\N	\N	\N	\N	\N	\N	\N	\N	\N	\N	\N	\N
57	Texas	general	25.0	\N	\N	\N	\N	\N	\N	\N	\N	\N	25.0	\N	\N	\N	\N	\N	\N	\N	\N	\N	\N	\N	\N	\N	\N	\N	\N	\N	\N	\N	0.5	\N	\N	\N	\N	\N	\N	\N	\N	\N	\N	\N	\N	\N	\N	\N	\N	\N	\N	No charge	\N	\N	\N	\N	\N	Affidavit	15.0	\N	\N	\N	\N	\N
71	India	DDS	20	10.0	\N	1	150.0	120	12	500	1.0	11	12	13	14	15	16	17	18	19	1000	250	120	120	120	120	120	120	120	120	120	120	120	20	1000	21	22	2.0	\N	\N	\N	\N	\N	\N	\N	\N	\N	\N	\N	\N	\N	\N	0.5	\N	\N	\N	\N	\N	\N	\N	\N	\N	\N	\N
50	South Carolina	general	\N	\N	\N	\N	\N	200.0	150.0	15.0	\N	\N	\N	\N	\N	\N	\N	\N	\N	\N	\N	\N	0.65	\N	\N	\N	\N	\N	\N	\N	\N	\N	\N	\N	\N	\N	\N	\N	\N	\N	\N	0.5	\N	\N	\N	\N	\N	\N	\N	\N	\N	\N	\N	\N	\N	\N	\N	Postage	\N	\N	\N	\N	\N	\N
61	Texas	DDS	\N	18.0	\N	\N	\N	\N	\N	\N	\N	\N	\N	\N	\N	\N	\N	\N	\N	\N	\N	\N	\N	\N	\N	\N	\N	\N	\N	\N	\N	\N	\N	\N	\N	\N	\N	\N	\N	\N	\N	\N	\N	\N	\N	\N	\N	\N	\N	\N	\N	\N	\N	\N	\N	\N	\N	\N	\N	\N	\N	\N	\N	\N
63	Virginia	DDS	\N	15.0	\N	\N	\N	\N	\N	\N	\N	\N	\N	\N	\N	\N	\N	\N	\N	\N	\N	\N	\N	\N	\N	\N	\N	\N	\N	\N	\N	\N	\N	\N	\N	\N	\N	\N	\N	\N	\N	\N	\N	\N	\N	\N	\N	\N	\N	\N	\N	\N	\N	\N	\N	\N	\N	\N	\N	\N	\N	\N	\N	\N
64	Washington	general	\N	\N	\N	\N	\N	\N	\N	\N	\N	\N	\N	\N	1.17	\N	\N	\N	\N	\N	\N	\N	\N	\N	\N	\N	\N	\N	\N	\N	\N	\N	\N	\N	\N	\N	\N	\N	\N	\N	\N	0.88	\N	\N	\N	\N	\N	\N	\N	\N	\N	\N	\N	\N	\N	Clerical	25.0	\N	\N	\N	\N	\N	\N	\N
66	Washington	DDS	22.0	\N	DDS attorney	\N	\N	\N	\N	\N	\N	\N	22.0	\N	\N	\N	\N	\N	\N	\N	\N	\N	\N	\N	\N	\N	\N	\N	\N	\N	\N	\N	\N	\N	\N	\N	\N	\N	\N	0.5	\N	\N	\N	\N	\N	\N	\N	\N	\N	\N	\N	\N	\N	\N	\N	\N	\N	\N	\N	\N	\N	\N	\N	\N
1	Alabama	general	\N	\N	\N	\N	\N	\N	\N	\N	\N	\N	\N	1.0	\N	\N	\N	\N	\N	\N	\N	\N	\N	\N	\N	\N	\N	\N	\N	\N	\N	\N	\N	\N	\N	\N	\N	\N	\N	\N	0.5	\N	\N	\N	\N	\N	\N	\N	\N	\N	\N	\N	\N	\N	\N	Retrieval	5.0	Postage	\N	\N	\N	\N	\N	\N
3	Arkansas	general	\N	\N	\N	\N	\N	\N	\N	\N	\N	\N	\N	0.5	\N	\N	\N	\N	\N	\N	\N	\N	\N	\N	\N	\N	\N	\N	\N	\N	\N	\N	\N	\N	\N	\N	\N	\N	\N	\N	0.25	\N	\N	\N	\N	\N	\N	\N	\N	\N	\N	\N	\N	\N	\N	Labor	15.0	Postage	\N	\N	\N	\N	\N	\N
5	Colorado	general	18.53	\N	\N	\N	\N	\N	\N	\N	\N	18.53	\N	\N	\N	\N	\N	\N	\N	\N	\N	\N	\N	\N	\N	0.85	\N	\N	\N	\N	\N	\N	\N	\N	\N	\N	\N	\N	\N	\N	\N	\N	0.57	\N	\N	\N	\N	\N	\N	\N	\N	\N	\N	\N	\N	\N	\N	Cert fee	10.0	Postage	\N	\N	\N	\N
10	Georgia	general	\N	\N	\N	\N	\N	\N	\N	\N	\N	\N	0.97	\N	\N	\N	\N	\N	\N	\N	\N	\N	\N	\N	\N	\N	\N	\N	\N	\N	\N	0.83	\N	\N	\N	\N	\N	\N	\N	\N	\N	\N	\N	\N	\N	\N	0.66	\N	\N	\N	\N	\N	\N	\N	\N	Retrieval	25.88	Cert	9.7	Postage	\N	\N	\N	\N
25	Michigan	general	1.22	\N	\N	\N	\N	\N	\N	\N	\N	\N	1.22	\N	\N	\N	\N	\N	\N	\N	\N	\N	\N	\N	\N	\N	\N	\N	\N	0.61	\N	\N	\N	\N	\N	\N	\N	\N	\N	\N	\N	\N	\N	0.24	\N	\N	\N	\N	\N	\N	\N	\N	\N	\N	\N	Initial Fee	24.48	Postage	\N	\N	\N	\N	\N	\N
35	New Jersey	general	\N	\N	\N	\N	100.0	\N	\N	\N	\N	\N	\N	\N	\N	\N	\N	\N	1.0	\N	\N	\N	\N	\N	\N	\N	\N	\N	\N	\N	\N	\N	\N	\N	\N	\N	\N	\N	\N	\N	\N	\N	\N	\N	\N	\N	\N	\N	\N	\N	\N	\N	\N	\N	\N	\N	\N	Postage	\N	\N	\N	\N	\N	\N
40	Ohio	general	\N	\N	\N	\N	\N	\N	\N	\N	\N	1.32	\N	\N	\N	\N	\N	\N	\N	\N	\N	\N	\N	\N	\N	\N	0.68	\N	\N	\N	\N	\N	\N	\N	\N	\N	\N	\N	\N	\N	\N	\N	\N	0.27	\N	\N	\N	\N	\N	\N	\N	\N	\N	\N	\N	Retrieval	20.06	Postage	\N	\N	\N	\N	\N	\N
42	Oklahoma	general	\N	\N	\N	0.5	\N	\N	\N	\N	\N	\N	\N	\N	\N	\N	\N	\N	\N	\N	\N	\N	\N	\N	\N	\N	\N	\N	\N	\N	\N	\N	\N	\N	\N	\N	\N	\N	\N	\N	\N	\N	\N	\N	\N	\N	\N	\N	\N	\N	\N	\N	\N	\N	\N	Search	10.0	Postage	\N	\N	\N	\N	\N	\N
44	Oregon	general	30.0	\N	\N	\N	\N	\N	\N	\N	\N	30.0	\N	\N	\N	\N	\N	\N	\N	\N	\N	\N	\N	\N	\N	\N	0.5	\N	\N	\N	\N	\N	\N	\N	\N	\N	\N	\N	\N	\N	\N	\N	\N	0.25	\N	\N	\N	\N	\N	\N	\N	\N	\N	\N	\N	\N	\N	Postage	\N	\N	\N	\N	\N	\N
47	Pennsylvania	general	\N	\N	\N	\N	\N	\N	\N	\N	\N	\N	1.55	\N	\N	\N	\N	\N	\N	\N	\N	\N	\N	\N	\N	\N	\N	\N	\N	\N	1.15	\N	\N	\N	\N	\N	\N	\N	\N	\N	\N	\N	\N	\N	0.39	\N	\N	\N	\N	\N	\N	\N	\N	\N	\N	Search	23.73	Postage	\N	\N	\N	\N	\N	\N
54	Tennessee	general	25.0	\N	\N	\N	\N	\N	\N	\N	\N	25.0	\N	\N	\N	\N	\N	\N	\N	\N	\N	\N	\N	\N	\N	\N	\N	\N	\N	\N	\N	\N	\N	\N	\N	\N	\N	\N	0.25	\N	\N	\N	\N	\N	\N	\N	\N	\N	\N	\N	\N	\N	\N	\N	\N	\N	\N	Postage	\N	Cert	20.0	\N	\N	\N
59	Utah	general	\N	\N	\N	\N	\N	\N	\N	\N	\N	\N	\N	\N	\N	0.53	\N	\N	\N	\N	\N	\N	\N	\N	\N	\N	\N	\N	\N	\N	\N	\N	\N	\N	\N	\N	\N	\N	\N	\N	\N	\N	0.32	\N	\N	\N	\N	\N	\N	\N	\N	\N	\N	\N	\N	Retreival	21.16	Postage	\N	\N	\N	\N	\N	\N
62	Virginia	general	\N	\N	Billing only	\N	\N	\N	\N	\N	\N	\N	\N	\N	\N	\N	0.5	\N	\N	\N	\N	\N	\N	\N	\N	\N	\N	\N	\N	\N	\N	\N	\N	\N	\N	\N	\N	\N	\N	\N	\N	\N	\N	0.25	\N	\N	\N	\N	\N	\N	\N	\N	\N	\N	\N	Retrieval	10.0	Postage	\N	\N	\N	\N	\N	\N
55	Tennessee	workers compensation	10.0	\N	\N	\N	\N	\N	\N	\N	\N	\N	10.0	\N	\N	\N	\N	\N	\N	\N	\N	\N	\N	\N	\N	\N	\N	\N	\N	\N	\N	\N	\N	\N	\N	\N	\N	\N	\N	0.25	\N	\N	\N	\N	\N	\N	\N	\N	\N	\N	\N	\N	\N	\N	\N	\N	\N	Postage	\N	\N	\N	\N	\N	\N
60	Utah	workers compensation	\N	\N	\N	0.50	150	\N	\N	\N	\N	\N	\N	\N	\N	\N	\N	\N	\N	\N	\N	\N	\N	\N	\N	\N	\N	\N	\N	\N	\N	\N	\N	\N	\N	\N	\N	\N	\N	\N	\N	\N	\N	\N	\N	\N	\N	\N	\N	\N	\N	\N	\N	\N	\N	\N	\N	\N	\N	\N	\N	\N	\N	\N
\.


--
-- Data for Name: django_admin_log; Type: TABLE DATA; Schema: public; Owner: postgres
--

COPY public.django_admin_log (id, action_time, object_id, object_repr, action_flag, change_message, content_type_id, user_id) FROM stdin;
\.


--
-- Data for Name: django_content_type; Type: TABLE DATA; Schema: public; Owner: postgres
--

COPY public.django_content_type (id, app_label, model) FROM stdin;
1	register	userdetails
2	evrequest	evdetails
3	cas	casform
4	upstreamform	upstreamform
5	admin	logentry
6	auth	permission
7	auth	group
8	auth	user
9	contenttypes	contenttype
10	sessions	session
11	upstreamform	charginglist
12	upstreamform	chargeslist
13	upstreamform	charginglists
14	upstreamform	chargedlist
15	upstreamform	requestfile
\.


--
-- Data for Name: django_migrations; Type: TABLE DATA; Schema: public; Owner: postgres
--

COPY public.django_migrations (id, app, name, applied) FROM stdin;
1	contenttypes	0001_initial	2024-08-14 19:04:52.944163+05:30
2	auth	0001_initial	2024-08-14 19:04:53.06043+05:30
3	admin	0001_initial	2024-08-14 19:04:53.088553+05:30
4	admin	0002_logentry_remove_auto_add	2024-08-14 19:04:53.097361+05:30
5	admin	0003_logentry_add_action_flag_choices	2024-08-14 19:04:53.103534+05:30
6	contenttypes	0002_remove_content_type_name	2024-08-14 19:04:53.149571+05:30
7	auth	0002_alter_permission_name_max_length	2024-08-14 19:04:53.153863+05:30
8	auth	0003_alter_user_email_max_length	2024-08-14 19:04:53.165204+05:30
9	auth	0004_alter_user_username_opts	2024-08-14 19:04:53.1716+05:30
10	auth	0005_alter_user_last_login_null	2024-08-14 19:04:53.181006+05:30
11	auth	0006_require_contenttypes_0002	2024-08-14 19:04:53.18202+05:30
12	auth	0007_alter_validators_add_error_messages	2024-08-14 19:04:53.186328+05:30
13	auth	0008_alter_user_username_max_length	2024-08-14 19:04:53.200896+05:30
14	auth	0009_alter_user_last_name_max_length	2024-08-14 19:04:53.209177+05:30
15	auth	0010_alter_group_name_max_length	2024-08-14 19:04:53.217992+05:30
16	auth	0011_update_proxy_permissions	2024-08-14 19:04:53.223422+05:30
17	auth	0012_alter_user_first_name_max_length	2024-08-14 19:04:53.229623+05:30
18	cas	0001_initial	2024-08-14 19:04:53.240554+05:30
19	evrequest	0001_initial	2024-08-14 19:04:53.253047+05:30
20	register	0001_initial	2024-08-14 19:04:53.265644+05:30
21	register	0002_alter_userdetails_table	2024-08-14 19:04:53.268935+05:30
22	sessions	0001_initial	2024-08-14 19:04:53.28385+05:30
23	upstreamform	0001_initial	2024-08-14 19:04:53.296369+05:30
24	upstreamform	0002_request_remove_upstreamform_disclosure_method_and_more	2024-08-14 19:04:53.418887+05:30
25	upstreamform	0003_delete_request_upstreamform_patient_date_of_birth_and_more	2024-08-14 19:04:53.452405+05:30
26	upstreamform	0004_upstreamform_disclosure_method	2024-08-14 19:04:53.455668+05:30
27	upstreamform	0005_upstreamform_external_request_createddatetime	2024-08-14 19:04:53.465139+05:30
28	upstreamform	0006_remove_upstreamform_external_request_createddatetime	2024-08-14 19:04:53.469244+05:30
29	upstreamform	0007_upstreamform_external_request_createddatetime	2024-08-14 19:04:53.473457+05:30
30	upstreamform	0008_alter_upstreamform_ev_status	2024-08-14 19:04:53.477543+05:30
31	upstreamform	0009_upstreamform_request_date2	2024-08-14 19:04:53.4824+05:30
32	upstreamform	0010_upstreamform_file_links_upstreamform_file_paths	2024-08-14 19:04:53.489002+05:30
33	upstreamform	0011_remove_upstreamform_file_links_and_more	2024-08-14 19:04:53.503548+05:30
34	upstreamform	0012_upstreamform_total_amount_upstreamform_total_pages_and_more	2024-08-14 19:04:53.530662+05:30
35	upstreamform	0013_upstreamform_misc1_pages_upstreamform_misc2_pages_and_more	2024-08-14 19:04:53.555795+05:30
36	upstreamform	0014_alter_upstreamform_balance_and_more	2024-08-14 19:04:53.572187+05:30
37	upstreamform	0015_upstreamform_misc10_pages_upstreamform_misc10_path_and_more	2024-08-14 19:04:53.632854+05:30
38	upstreamform	0016_alter_upstreamform_misc10_path_and_more	2024-08-14 19:04:53.67202+05:30
39	upstreamform	0017_alter_upstreamform_misc10_pages_and_more	2024-08-14 19:04:53.714326+05:30
40	upstreamform	0018_remove_upstreamform_misc10_pages_and_more	2024-08-14 19:04:53.770942+05:30
41	upstreamform	0019_upstreamform_misc10_pages_upstreamform_misc10_path_and_more	2024-08-14 19:04:53.800318+05:30
42	upstreamform	0020_upstreamform_invoice_pdf_path	2024-08-14 19:04:53.806897+05:30
43	upstreamform	0021_alter_upstreamform_balance_and_more	2024-08-14 19:04:53.865747+05:30
44	upstreamform	0022_upstreamform_patient_no_alter_upstreamform_notes	2024-08-14 19:04:53.878754+05:30
45	upstreamform	0023_alter_upstreamform_request_id	2024-08-14 19:04:53.883584+05:30
46	upstreamform	0024_alter_upstreamform_request_id	2024-08-14 19:04:53.888318+05:30
47	upstreamform	0025_alter_upstreamform_ev_remarks	2024-08-14 19:58:08.221247+05:30
48	upstreamform	0026_alter_upstreamform_ev_status	2024-08-14 19:58:49.289355+05:30
49	upstreamform	0027_alter_upstreamform_ev_assigned_to	2024-08-14 20:01:56.055073+05:30
50	upstreamform	0028_alter_upstreamform_notes_and_more	2024-08-22 19:30:02.248892+05:30
51	upstreamform	0029_charginglist	2024-08-23 23:31:24.582162+05:30
58	upstreamform	0030_alter_charginglist_table	2024-08-24 00:40:06.159365+05:30
59	upstreamform	0031_rename_charginglist_charginglists	2024-08-24 00:40:06.321887+05:30
60	upstreamform	0032_chargeslist_delete_charginglists	2024-08-24 00:40:06.400454+05:30
61	upstreamform	0033_rename_chargeslist_chargedlist_and_more	2024-08-24 00:40:06.496982+05:30
62	upstreamform	0034_alter_chargedlist_table	2024-08-24 00:40:06.505288+05:30
63	upstreamform	0035_delete_chargedlist	2024-08-24 00:40:06.505288+05:30
64	upstreamform	0036_charginglist	2024-08-24 00:41:42.588655+05:30
65	upstreamform	0037_charginglist_each_additional_hour_and_more	2024-08-24 00:51:54.749666+05:30
66	upstreamform	0038_delete_charginglist	2024-08-24 00:55:32.790085+05:30
67	upstreamform	0039_charginglist	2024-08-24 00:56:15.501036+05:30
68	upstreamform	0040_charginglist_minimum_fee	2024-08-28 01:15:19.692964+05:30
69	upstreamform	0041_charginglist_email_charginglist_mail	2024-08-28 21:19:31.506633+05:30
70	upstreamform	0042_alter_upstreamform_address1_and_more	2024-08-30 23:44:50.62631+05:30
71	upstreamform	0043_requestfile	2024-09-02 16:42:28.677596+05:30
72	upstreamform	0044_alter_requestfile_table	2024-09-02 16:44:46.743267+05:30
73	upstreamform	0045_delete_requestfile	2024-09-02 17:58:26.160105+05:30
74	upstreamform	0046_requestfile	2024-09-02 18:46:23.686183+05:30
75	upstreamform	0047_upstreamform_invoice_number	2024-09-07 00:04:51.737989+05:30
76	upstreamform	0048_upstreamform_patient_from_date_and_more	2024-09-11 21:40:37.624464+05:30
77	upstreamform	0049_upstreamform_file_from_date_and_more	2024-09-18 21:02:43.59034+05:30
78	upstreamform	0050_upstreamform_misc10_end_date_and_more	2024-09-23 20:07:13.302153+05:30
\.


--
-- Data for Name: django_session; Type: TABLE DATA; Schema: public; Owner: postgres
--

COPY public.django_session (session_key, session_data, expire_date) FROM stdin;
0ktsl0kcila86wuk8jomo8p5lr347ydf	eyJfY3NyZnRva2VuIjoicnJZS0d3UkZ3MGlKNFZvMHBEeFp1UkFCWDlnam9QbEgifQ:1sjdNy:sex7Zc_2t97kufoIJA5Q5TCqdPEuPAwqzCb_qHM7ML0	2024-08-29 17:02:28.315306+05:30
n3h3vjn38scjf01jqdrayjkm4clyyik2	eyJfY3NyZnRva2VuIjoiVDVQdjJvbHprcjNEdEpxNHZxdURDdHA2eUUzUHNMMHkifQ:1sjdPJ:36FdQOu6I2VO02PBS_Io8OPD6Q4hWnp8saIZVT44xws	2024-08-29 17:03:51.010084+05:30
fxnv4tbpmzzr40hhgswrwt58b3ph74om	eyJfY3NyZnRva2VuIjoiWU5RRkpKWmZRaHdYckw5aDNFalRtZ2FkNjNvZ0trcTgifQ:1sjdQX:A_NjpSY8TM3P6514f16qGY07nkkuwLuwSNRiFq0mDDk	2024-08-29 17:05:07.367568+05:30
zc0h0kl9a8e7j8yjhaiku9bslhex5zgj	eyJfY3NyZnRva2VuIjoiNnJVS25Tdm04VEhmdlBiM2lVN1ZxR0JzbHRoeU81eVMifQ:1sjdTI:-hnJNmn_vGNOST5JZE9_oF5QlfOVMZ8b9xCR916wsFw	2024-08-29 17:07:58.545553+05:30
rcxta2ib7xs6lhvpvoq8p5cgcn8ps5pt	.eJxVjL0OgjAURt-lsyEt0B_dJK46GENkIre3RUBtCZREYnx3IWFh_c75zpeUOPRV8E_ryIGwpLCf4nbJMLT5NbhT14PPVSonXoijv5MdGQfbh6mzsw3m3bh5KmEMdbmAsjFLZbtpwLm-ANOCe_gIvQt9o6NFiVY6RGdv7Ctb3U2ghqGe3zFKWSlDQVjFRZKk2iaKCqRMo5YCgVWcccqRx8zsrZKGaaEYpRWomO0p-f0B4kRNnQ:1sjdVK:GsdMn58I-BIG6CQMVoxno2ePFlMOD3J9JPEw7PJO_Hg	2024-08-29 17:10:04.459873+05:30
pg8ff24w21uhu5k9a7p606mfczu70xj8	.eJyrVopPLi5KK8nPTs1TslIqTfMJraiqNEkqiiyuDM01NTBxCisOKTYx88t3d8spNVfSUSotTi0qqSxIBapOTMnNzAMJZaYoWRlBpPISc0FSJanFJRDpWgCrfSHD:1seEW3:zY3P3FPbviR283pX-V82UzMxZsrBUWLD7C5OsnXsrhU	2024-08-28 19:28:19.984604+05:30
lbyus99jvbug7igpobph871b8c4brr2a	eyJfY3NyZnRva2VuIjoiR3Q4bXgybzY2Z1BTOThhNTJ3b1pwY1lMQ3BWV2xhdVcifQ:1sexqt:PIUJ52TAlOzjMr2EKu_ptXc1EnHFtizwPf3nUzWC4eU	2024-08-30 19:52:51.95094+05:30
jd3zai38gaep99dpu07rxmh7110kkrt8	.eJxVj8tuwjAURP_F6yq6N64fdFkqVYJEatUNrKLrR5oAcarYLErVf8cWbNjOmRnN_LHOxqVP89EH9sL2U7Md3raXy8eu3dM7_0TVer3eQEPQjOKLPbFz9Ev6_fHZTW4aQ5Y6OqehK6AbXdbxUTNkc3sB7kDhe67sHNIymqpYqjuNVTs7f3q9ex8KBopDTtdWqV47IOm1kJw_G881SAtorFHSEvYCBQgranQrr5VDIzUC9KRrXEEZX_bx24lAUzmRfEy3I_9XCT1W6A:1sjdZj:EBYJuXopQGwnoezp64EO2tQrEKC7ASyXPvc9qbGN3g8	2024-08-29 17:14:37.908559+05:30
pgruucefqm14wjkuq39lxuhvayglyp5d	.eJyrVopPLi5KK8nPTs1TslJydQ1IKitJSg4KNHM28M2ycM5ISSwLLbEIK4sqCKmwCFfSUSotTi0qqSxIBapOTMnNzAMJZaYoWRlDpPISc0FSJanFJTDp-OLU4uLM_Lz41IqCzKJKJSuDWgB89CjS:1sjd6L:kNDysKJutEpZi-lImoOH5sfxN9gLn28iMi-rzQxtDt4	2024-08-29 16:46:05.867259+05:30
6wkwfrcs9thvm96eejv6mkwwl81ibkzy	.eJyrVopPLi5KK8nPTs1TslJydXfyS3f2d0orCQlzSg9wsTRxNzAoC053S44qKUgviFLSUSotTi0qqSxIBapOTMnNzAMJZaYoWRlBpPISc0FSJanFJRDpWgBpTSEK:1sexsa:kRBG0r_hseo5r5_Vy5_5WUTjP4vbO4QO88RGsc8XKyk	2024-08-30 19:54:36.342062+05:30
69bliqw3uesetylauvyxswstonjp1lz9	.eJyrVopPLi5KK8nPTs1TslIqdzdLyfVPMvEqDsgytAhLKjH1MnAuCw4Ji8gvr_AriVTSUSotTi0qqSxIBapOTMnNzAMJZaYoWRlDpPISc0FSJanFJRDpWgCMhCGD:1sjbFn:L2tV8jmRRJeKDOxwfFRwOXbzF8WJI_0lxppq-aHHSfY	2024-09-12 14:45:43.852657+05:30
hich4njttm0x4u5mlbxo1bza6kxgnq3s	.eJyrVopPLi5KK8nPTs1TslLK9o3MqbD0KPMqK8rIdXc1zS6uzHD3qQoOcwnLzAx2dlfSUSotTi0qqSxIBapOTMnNzAMJZaYoWRlBpPISc0FSJanFJRDpWgC5hiII:1sgNOI:c0lVqGNiLu3XT0SdUyhAMs5L9rDFeyxrnZ_of1a8Ea4	2024-09-03 17:21:10.694402+05:30
v1e9kkrgfetk4u9ik66ii7lrvn56c8ep	eyJfY3NyZnRva2VuIjoiWEJERExsYWdpdk5sWUZJaVRtM3FCT29qTVFOVTUzdlcifQ:1sgNeq:GeTcrHBTcEH3C4P8RSEeGvy4SyESIzZipaVhgYs0Lj8	2024-09-03 17:38:16.584106+05:30
9z72rxwjuzcpcanpb5yo4v29blkjo006	.eJyrVopPLi5KK8nPTs1TslIyy_RySvFzdHEKD3LPCA9PrigvzCsxCfL0DY7MzfY0SlfSUSotTi0qqSxIBapOTMnNzAMJZaYoWRlDpPISc0FSJanFJTDp-OLU4uLM_Lz41IqCzKJKJSuDWgBsVSil:1sjd9I:wO9Nu6VDECw4DlnLF5PCjw-ZDHb11L5NWK1y-tXBrFk	2024-08-29 16:49:08.437478+05:30
fstn2p4o1ah2obwl8val65je3dmm6wql	.eJxVj0FPAyEUhP8LZ7Ph7RaWelOTNh5so43G2-YBb5etFhqgJmr870LaS6_zzUxmftlgUhxz-CDPbtnD84RvYec39Pq4dTZNLz-7O9e-x836CyKs2A07JYr5-0jFjfYw-yINeMpuqGCYbdHhWtNoSnsFdo9-Co0JPsdZN9XSXGhqnoKlz_uL96rAYXIl3Zq-H5XlKEkJ2XULTZ3i0nDQRvfSIIwCBBdGtGCXpHoLWirgfETVwpLX8XVfdz7h8VBPZEr5fOTvHxciWA4:1sjdbT:Uro4ygmtQ1TVZt4qyNBT4vin_5Uz-YbaTK0FEQTQqa8	2024-08-29 17:16:25.002749+05:30
8724aihsc9ate7baip99qzjbggf6b31w	eyJfY3NyZnRva2VuIjoidmZuZTd4OXVYbGhzVlRlN2d3OWNaVWFkN0ZPakxPa08ifQ:1sjdbz:46JgQyCQ8BM5NIXNA5knihALkju9_J2ecph9_iJjUNQ	2024-08-29 17:16:57.46338+05:30
574pr8iv7mzqtrtlc9fdl0eizffq0aor	eyJfY3NyZnRva2VuIjoibnRRZTYwYk13cUpRTEQ4dHRnSHFUY0ZCMmtDSXJjTmYifQ:1sjdcB:oEWjuR1M90Pq4nQ7SGiMP1ySDbzIbM3_KfP7N4OJefE	2024-08-29 17:17:09.415124+05:30
mo2alcqpmemzcyyqum19ards63ihhtpx	eyJfY3NyZnRva2VuIjoiajZwY2dPUU93a0dNQVBmYnNoQXcwVVdzVnB2M3VnZnIifQ:1sjdcR:szPPvNrfv02YlmSMjuZ6AOz9GzdoDzBl5HLxYxQ9y-o	2024-08-29 17:17:25.098488+05:30
1jhwtmrmkd2l0gyodxaipneqmqasznow	.eJxVj0sLgkAYRf_LrENm1HnYMlwFEdEDbCPfPEytxnJGKKP_nkNt2t57uJz7QqVyfeW7s7FojuJByEJs0nFLW38o8l16Xsebx5KP--29OOZohgZnev-8mYkGfW3sFJUw-LoMRdnoKSf_mQQ1rYdCt2BPXaQ66_tGRgGJfq2LVp02l8WP_RuowdVBTnFeCY2BGUFZkqTSJAIzhYlUkjMFpKKEYqpoTHRmBNdEMkEwrkDEJMNBPvgl3xMWruGEN85_j7w_e2xXbw:1sjdG5:VkQ_UXLlSLJn21E9fbkHpqvAgXMbDt-ZFYU3QrsLwb0	2024-08-29 16:54:39.04699+05:30
iivhkfwkp47f9nxvu7mu1o7tfk0aaox1	.eJxVj0GPwiAUhP8LZ9NAKRT3qF72oBvjqafm8QDbboW1oInZ7H9fiF68zjczmfklPcbFpfBtPfkg8zR1Vz4nfdjQU-Cfuy3uu-PjGu9d83UAR1bkFu2SHj82u8FcRp-lHm5p6AvoR5N19q5pwNxegJnAn0OFwadl1FWxVC8aq30wdt68vG8FA8Qhp2tsW6cMBWmVkJw32nJFJVKmUbcSgTnBBBUoambWVrWGaakYpQ5Uzda0jC_7-POEh0s5kWxMzyN__yPpWB8:1sjddO:wS2Xitl5rrN88RngjzEmBvAv7O0aMmeMs3C8Bc9eyCg	2024-08-29 17:18:24.402652+05:30
w8yjlso9o8ycsejapq4pix1602a8hu55	eyJfY3NyZnRva2VuIjoiOVB1bUpVTnB4VlBrM3pWOFNNU2xuMXZzN0s3dGZvWFMifQ:1sjddv:jhST46ICnYVpLfeHWQldDEScLR8A6fk1kSXX4iUM8iU	2024-08-29 17:18:57.819393+05:30
9ing0jagdsr4h92w67j2it7uhyi919ha	eyJfY3NyZnRva2VuIjoicE5YU3owSHBINjY3dGNpNnZBRHh4c2RvN2JocXRUWU4ifQ:1sjdgB:5H90fhYouCQKByzzCyxvdbe_9JGyiv_9wgxAtDzyb9Y	2024-08-29 17:21:17.891318+05:30
p6amc33hu1ab9uotwtzfdaedkse29xti	eyJfY3NyZnRva2VuIjoicVRaUE90NjlzZzM0N0tuRkJvalNuSmtyTlNWNjNpODEifQ:1sjdiR:uZv4pdU4EbNkVchjiXh7GM0Y0kfCCUZBazLpYVsMxlg	2024-08-29 17:23:37.171972+05:30
4mii87c9imxotsytrpkdfiqim0al8fkf	eyJfY3NyZnRva2VuIjoiM3ZvemZjNEtFcWg4ajlpSU5xSmF2TW5RQUhYcTV4eEwifQ:1sjdjB:wG0f4mOT9rNEQMUOkuehkQQbCvjhkyBpPv70JcqYCwo	2024-08-29 17:24:23.557904+05:30
i1sbvgf4v5zrp0wa2t8brjf4t5h3n04j	.eJxVj0GPwiAUhP8LZ9NAEYredE1MzJpUEz3spXnAw3Zt6abgQTf73xeiF6_zzUxmfkljwuTieEVPloQ7ez3tVsfDRm3wfPrsz7Xnx4-vx7aeP2h9ITNyCzjF-w8mN9ih80lq4BbbJoOms0ln75oGk9ozsN_gL2NhRh-nThfZUrxoKPajxX798r4VtBDalC5NVTllKUhUQnI-18gVlYYybXQlDTAnmKDCiJLZBarKMi0Vo9SBKtmC5vF5H3-e8DDkExFDfB75-wddN1dM:1sjdH7:gseX5fRdipvbasseTrwiYLI07kb5l4xelhKz5FvCbhk	2024-08-29 16:55:43.920556+05:30
mrgizclh7o997gnwwzfqqxkgjrhzr807	eyJfY3NyZnRva2VuIjoiUGFhZ2lRUVpMQjZjS2F0amE5VEJYSmR5bFV5UUtOYmcifQ:1sjdkM:CJC6rmSO6EGGkNqyjTfC0GoSvxjIyXmyS2Seyf_7JCk	2024-08-29 17:25:36.933508+05:30
675xcicxi0do5xp7o1fij8slkv1xhi43	eyJfY3NyZnRva2VuIjoiaG9zcmlVUUV4b0pzTDBkQzgwVDBIaXdFZEZobWxGZDEifQ:1sjdHl:8LsctdG91oH12HqS9LXTvlycGwpLMWWA0PDbJw6olKo	2024-08-29 16:56:23.50849+05:30
cmwhfkwwno6u1vgdu37izf9bu0micc3q	.eJxVjL0OgjAYRd-lsyH9wJbq5k9CgnFRB53I1z-pSkEKgzG-uyVxcT3n3PsmlQq9Hdq78WRJLsewbWThds-DteW4OZ1LX9QIY2dg5VYNmZExmH54dSbWqBvnI6pwHOpqEpXTkcM_k6ji-yT0Df21TVTrh97JZEqSnw3JvtXmsf61fwc1hjquU5XnVmiK3AjGs2wuTSYoVxSkkjlXCJYBo0yxFPTCiFyD5AIotShSWFDy-QIwx039:1sjdl6:Bb3DwTf_dKDxr3mIqadyxplBDef4O8q-nHy6Kub6Cg0	2024-08-29 17:26:22.005401+05:30
ezuws0dy3ytqdp47bawwn02mh8j1fr7h	eyJfY3NyZnRva2VuIjoiY2NOQUl6enBxQUVYSDZrcTM5S3pCc0xNWnRuZEp6OHIifQ:1sjdsC:RzyjQM-fznzxBHj3RdRFIv4clmkt0MW4YUjcVc7OTCc	2024-08-29 17:33:42.095989+05:30
etkawz8i9j57fpo7wgs8uxtqlyvdxlvk	.eJxVjzFvwjAUhP-L5yqyk9p5MGagEhKiUociluj5-YUEiFPFzoAq_ju2YGG97-509y9aCnMXpwt7sRanK21-4bC4eWtu_bhf9t_0RQf4CdxAo4_iQyyB53j74-RGNw4-SS0usW8zaAeXdPWuWaTUnoE7oz9NBU0-zoMtsqV40VDsJsfX5uV9K-gx9CldUl134CQaBm2q6tNyBdKQVJZsbQhVp5WWmnSp3IqhdsoaUFJ2CKVayTw-76ueJzyO-UTkEJ9H7g_9Nlfv:1sjdMp:4BH1qKqpvbaMr8Fpb0xavxk2pNxmmc18G622koz2a5k	2024-08-29 17:01:37.933296+05:30
jzsfrpyxojqunqb9hjb9r3ql82l13x8f	eyJfY3NyZnRva2VuIjoiVEdXeXlkVm54YllxM0FjVWkzV1RZWXhUaW9VV0M0dEoifQ:1sjdsn:uMk116M8E8sbPONNUWBX7RpbZXp__aCGbW0Rvrsvxt8	2024-08-29 17:34:19.586429+05:30
95frdhnznedilztmbgo9b00oykg41rd9	eyJfY3NyZnRva2VuIjoibDNCRngyYWJTZU5UaWhiTU9sU0h4blNiN3N4b3hUSkEifQ:1sjdu6:vwsQR7p6ygMVFzW82BfHvdSOeEw-LBM05VY3DL_2OiI	2024-08-29 17:35:40.075838+05:30
5599ppo5515ci82f94xr8yinj1td956u	.eJxVj7sOwjAUQ_8lM6qSlqQpI2LhtSAWpurm3qQtjxQ16QCIf6cRLKw-tmW_WI1hcLG_WM8WTLhKP9wSj7TZjqfN9rm7rg8rovuzUeth1GzGxmCH-LjbyQ106_wk1TDGtk6g7ii1_GsGcGpPgM7gmz7D3sehM1myZD8asn1P9rr8ef8KWgjtlM6xLJ0mDspqqYpibmyhuUIuDJpSIQgnheQSZS6osrokYZQWnDvQuah4Gp_2Fd8THm7pRLQhfo-8PwHwWAE:1sjeCA:a-12M1_ewS-1qqTVPIofwiHP6RaJZi-N5OlLcDba3PU	2024-08-29 17:54:20.002198+05:30
1gasxgguk4vpgxhdic35op0rgouo22nz	.eJxVjMkOgjAURf-la0P6gJbiTmKIMYi6cUs6MaiA0pI4xH-3JGzYnnPu_aJCmqG0_U13aI3MJs3CIR8vdv9iJjsnz0-1ZRTyU7oLj6ZFKzQaPdj3Q7uaq7bpHCr4aOtiEkWjHIclE1y690moK--q3pN9Z4dGeFPizdZ4h17pezK3i4Oam9qtfRlFJVOYU80IDYJQ6IBhKjEIKSIqOZQECCaS-KBizSIFgjLAuOTMhxij3x-lgk1Q:1sjdvg:qrMWTrr5mlPp4NnGQX7Qsaxy_iJog-EI0SHDgpGLXcA	2024-08-29 17:37:18.294956+05:30
cuz9zlfwcz6j5cfuh0siummv61pwzpax	eyJfY3NyZnRva2VuIjoiVnY5QTNySGZYQ212bm45UFlCREYyQmJ2Ym9xVzFsS0IifQ:1sjdww:kxcEY2wgxY_LidyZJxFv6enTnsw34w-EVtuaoOwgnoM	2024-08-29 17:38:36.962362+05:30
cnfrat9fz50gn1tjr3has240orgnzrfi	eyJfY3NyZnRva2VuIjoiRERjUXNQZERJdkpxcnpNMlF3bW9PcmE3VjZ6cDR5ZEYifQ:1sjeCU:5xeitqfxIyL_3j-sgUkQBMuH5F9HVDZApMhi3zyRNdc	2024-08-29 17:54:40.275696+05:30
bmp5257xtaaau4z71yfzodux2jyri0x9	eyJfY3NyZnRva2VuIjoiZnFLUnMzUW0wU0RQY1VEWVdnTjV6VDRRUXJnR2FDdjkifQ:1sjeDL:DOgfwIdgdndsaRonMNulzOY0hqHopa2a_XoOFkH76ac	2024-08-29 17:55:33.131606+05:30
lrjwt2jbnn17rn6humruprokg2qo9ulz	eyJfY3NyZnRva2VuIjoicXhpdXRKa3RBRFJMdWpUTG9sMGIyZEk3U01xRXlvc2kifQ:1sjeDj:sMcLmAV17bDSfeaA555vYojsgcqHF_nOhXTWtSFSP9Q	2024-08-29 17:55:57.937739+05:30
0po3tom3nshgjotkzv9lu6jdwi4tpxtv	eyJfY3NyZnRva2VuIjoiZ2Y0VjNUQXR2dnp3U0o3T2NFZTFESGZydXVnTmZzQWMifQ:1sjeE2:tz8KMIwNR0u70ppx2JOYjCwNPN8lU7kQQrSuYyUCmvA	2024-08-29 17:56:16.10483+05:30
hmt0djy4m6ty9hlsjsmq94ei9ghko93f	eyJfY3NyZnRva2VuIjoiVlRaN3NhOTFZZVdKbG9pT041NTBiYlgyMjR1dWJFZHUifQ:1sjeFh:uOoMp5dLYKsIBifPGco2uZD9OLZzDkN3hGwlf07ZdyI	2024-08-29 17:57:59.554915+05:30
f8t1jbwjqi7ua7p8n4fwhq7ib5utjgny	.eJxVj1FrwjAUhf9Lnke5aZs0-qaIMNzGUNlrublJbZ1NRpPCZPjfl6Avvp7vnMM5f6ylMHXRf1vHlux3_KLtde_1XNfqc1fDx6E_vm1KmF_FfnUc2Aubg53i9ccmN5pxcElqcY59m0E7mKTzZ00jpfYMzBndyRfkXZwGXWRL8aChePfGXtYP71NBj6FP6ZKaplMGUFolZFXV2lYKJAHXpBtJyDvBBQgSJTcLqxrDtVQcoENV8gXk8XlfdT_hcMwnog3xfuT2D0CFVyM:1sjdy7:H_R4u7Q5LLRLXLubPYVQSBMnES0SyYD7paVijc-9GFo	2024-08-29 17:39:49.147959+05:30
d2hoakvkxjyu36ljlj45cyf7epduj9a9	.eJxVj71uAjEQhN_FNTqt7-If0oUCEgQFpEp1Wttr7gLY6GwkoijvHlvQ0M43M5r5Zb1Nk8_xSIG9MjiOfhMjrL_e1jtUq3hbrtL76aONe5r2n4nN2DXRlH8uVNzozmMoUo_XPPQV9KMrOn_WDNrSXoH7xnCIjY0hT6NpqqV50NRso6PT4uF9KhgwDSXdWqW8doCStJBd92Ko0yAtcGONkha5F1yAsKLlbk5aOW6k5gAedcvnUMfXfd39RMBzPZEp5fuRv3_pJFfl:1sje0W:3n03EgAbEOz0r6jDkYx5YCHzj4hRH7ijPynnfA4LuxA	2024-08-29 17:42:18.712531+05:30
ffby92p88e82yi8nh5azfzvqleqfxit9	eyJfY3NyZnRva2VuIjoiQlBzZVVmTTZjU1ZEMmNsc2NDVm95VVFUTmNHeGtUM2IifQ:1sje0h:zts35fDKKF-nBYf0KJzUdrKGMBqVpZAJsLyEbG_BLMY	2024-08-29 17:42:29.668998+05:30
hjk85l75fs9mvk5c3i8zzn2wrl8gh33m	eyJfY3NyZnRva2VuIjoidkJXaEdTellwMWxLbDhoNWlqWTVJZWxYMW9Xc3FJTEwifQ:1sje15:_VGXALdCdCwzvPaCsurN7c5DZ8tPSER50Fw_pZKxTlA	2024-08-29 17:42:53.540217+05:30
e3s7c0h8vdc1cz0xirk4sygwmm66foah	eyJfY3NyZnRva2VuIjoic3kzOElPRXRaRE0wTkRBZFUxNDVhRzdWNnBoaWlvTFcifQ:1sje2I:r35uGjk--z6PifqFMyxfTY79kPSbMU6QC3VOrR2NQ0M	2024-08-29 17:44:08.985766+05:30
9jeaif1d7q4iaziojrro0zd49nw8mgu5	.eJxVj8uqwjAYhN8laylJYy6e5XHhBUVFUXBT_lxq6yUtTboo4ruboBu3880MM09UaN-VoblZh_7QHS_ZZnGganvazcTAq7Mfzqu2ne7mx35_VWiEem-7MLQ2usE8ahelAvpQFQkUtYk6-dUU6NiegLmCuzSZblzoapUlS_alPls3xt7_v96fggp8FdO5FqKUBgO3knFKx8pSibnGRGkluAZSMsIw0ywnZmKlMERxSTAuQeZkgtP4tI9-Tjh4pBPB-vA58noDuV5XuA:1sjeGM:VhqZLw9NHg_db1tdG79N1vOAkOkjTKjJ1OMg3a4UHqY	2024-08-29 17:58:40.653077+05:30
0sztiv5b5g4ekulavose0v3c17d53x3v	eyJfY3NyZnRva2VuIjoiYjhMaW90YWI0MU9veXR3cnVOTGo4Y2NmY2FvWk0xd3YifQ:1sjeMj:RcJwpQeKQt-5uFp-sEffDhMuDWyaVKFxSqKBSJpqs5I	2024-08-29 18:05:15.600516+05:30
mtjlggxl3pzb2txfe6ncx20zpo2n9isd	eyJfY3NyZnRva2VuIjoic3NBbmtxbUlRdmZXRWlRT2diSEYyV1dYQVJCOG5nWnUifQ:1sjfqP:FNyt6mN238jl4eZRPfMrV3Cpg6neHJKMYVIjGLhgr5Q	2024-08-29 19:39:59.510482+05:30
mo2byek8diiitatjfnaxhlg0jupn06w2	.eJxVj81OwzAQhN_FZxR549pxuVGQOPAjEAe4Rev1pgmkdhU7Egjx7thqL73ONzOa-RU9pWXI8YuDuBYf8zfsVnV7B_T4tmn3K83x5fj--iD5_hluorgSa-Il_xy5uNEfplCkHtc89hX0ky86XGoOqbRX4D8x7GNDMeRlck21NGeamqfoed6dvRcFI6axpFvqusF6iYatNkptHCsrDUlw5DpDCIMGLTXpFvyWbefBGQtSDmhb2Mo6vu5TpxMBD_VE5pRPR_7-AV7DV0w:1sje3O:ZUwgCkBo2A2zGzG3-Qn7BoYu0GK3z7WUbETtve2K8ps	2024-08-29 17:45:16.349628+05:30
25viymbvqlcf251kikiv2zr919tar066	eyJfY3NyZnRva2VuIjoiTElwSG9PWnNvYkU4UDJ3OEFQb2Fqb3E0S3FscU1MNUkifQ:1sje3z:vSsgFGNVJ6IMRlVtw3_N75mWjTDeH7JYc1OKtmuv7R0	2024-08-29 17:45:53.385412+05:30
hwop72wc8s8jk7qc350fvic96wnzt9jo	.eJxVjLEOgjAURf-lsyF9YF-rm8YJ4-SAG2lfi6BSSItGY_x3S-Lies65981qiqGZhqvzbM1k2ZZY7Z7ej8Vmj8vY76rTqzoGfATAkdiC3aML02t0qda273xCtb5PbT2LurOJwz8zmtL7LOxF-_OQ0eCn0JlsTrKfjdlhsO62_bV_B62ObVrnJGWjLNfolMCiWBpXKI7EwZCRSBoaAYILEjnYlVPSgkEFnDda5bDi7PMFvilNeA:1sjfqu:-0IBLCMoS3KgYwBw6opnjX8aahzC8f-B42Y7v9KpBMc	2024-08-29 19:40:30.207576+05:30
x6ddpedtrlr62vzkl84u1mvrrb1a30bt	.eJxVjE8LgjAchr_LziGbtjk7GpEGEXQIPI3f_piWOtEJSvTdm-Cl6_M87_tBQo1D6ezbdOiAaH-7JOfcVPnJte2csWNRPLL5nkKTLlIvaIem0Qxu6Y2vQbd155GAyVViFaLWnpN_JkH591XoF3RPGyjbuaGWwZoEmx2Dq9WmSbf276CCsfLrUMVxyTUGZjhlUbSXJuKYKUykkjFTQEpKKKaKhkQnhseaSMYJxiXwkCQYfX8ErU3T:1sje8I:FiHEFAlNO-paMARO7Jet7BpxPTx4mw1AxiUMul8sgT4	2024-08-29 17:50:20.084753+05:30
7gi8tgoeljm0a6874xenvyux1ia460o1	.eJxVjMsOgjAUBf-la0N6gZbi0rhlRQzumva2BRTLqyY-4r9bEjduZ-acN5G4Li6MV-vJnphjk59TvNatfdXaza0_nuaWTXAoh6ZqHmRH7qtdwnOysVbm1vuIpLqHTm5C9iZy-GdaYXzfhLko344Jjj4svU62JPnZNalGY4fDr_076NTaxXWKReGEoYpbwXiW5dpmgnKkoFEXHBU4BowyZCmY0orCgOYCKHVKpFBS8vkCIK1N7Q:1sjfrR:3AG4y9FyQeyFV3sRBYsH2rmXoKL_4moZBt8noqUrT44	2024-08-29 19:41:03.60661+05:30
bpuxwc42fruzm9sc5b5x4pxf4ilhn9ry	eyJfY3NyZnRva2VuIjoieHlPS1h3RVpENEM3MktIWmpwWm9ZNmJucUlWUE9uWGQifQ:1sjfrm:VtTUaudgtquS_4gB-gcssQjIwpk7oBdrzEROFHwgfRQ	2024-08-29 19:41:24.605672+05:30
70twyfekatk43btztbef6oyjsgowxfvd	.eJxVj81uwjAQhN_F5yryJvgnvRUJqdAWiUqV0lO0XjtNIDgQmwOq-u61BReu882MZn5ZS2Hu4nRwnj2zXbP4en3fj-u35nuoQTfbl_FK589VeVBolhv2xC7BzfF6csmN9jj4JLV4iX2bQTvYpMOjZpBSewZ2j_5nKmjycR5MkS3FnYbiY7JuXN69DwU9hj6lS1Kq05ajdFrIqloYV2kuiYMhoyQhdAIEFyRKsLXTyoKRGjjvUJdQ8zw-76tuJzwe84noQrwd-fsHVNBXQw:1sje93:GadOisSHmvB2BeEU_Ty3p8k4sIZoWjmd997sB6PGdxs	2024-08-29 17:51:07.038023+05:30
h2hz6r7nr7ky9rfh40ff8q06w3cpwzua	.eJxVj09LxDAUxL9LzlLea82fehQ8KCioiO6pvLyktm43lSZlLeJ3N2H3stf5zQwzv6LjuPRp3vsgbsRu-4C74-sELzwdVYv4_P6z3mvebfuHN35CcSXW6Je0ffvsJncYQ5Y6WtPQFdCNLut4qVni3F6A-6LwOVc8h7SMtiqW6kxj9Tg7P92evRcFA8Uhp2vWujcOSHkjVdNcW98YUAxo2WrFhL1ECZJlja71Rju0yiBAT6bGFsr4sq85nQh0KCeSj-l05O8frlFXoQ:1sje9k:qttreS0GYLdrpWTy2xJsNPMt-MEU9LAYo_1Q5JaezN8	2024-08-29 17:51:50.952032+05:30
hmdqe4clf7fn16t7l99nu77j73yl6m20	eyJfY3NyZnRva2VuIjoiRDI5VTR4M1lJd0pybTdOR05Rd0lSeW5XaWQ2bUtSV1YifQ:1sjg5w:Jq-b6eNXRRABHOxUGrDCkxbgLkGdd3UEHY6vZEq23EA	2024-08-29 19:56:02.604731+05:30
u7owhbj9tuvot3xzj8tzka458pa3254k	.eJxVj81OwzAQhN_FZxR5E_xTjlTiEAlUovbCJVrbaxKgThs7QqXqu2OrvfQ638xo5sx6G2efpm8K7In59vh-Uof2xYW_brfF9ccxvUGi3267gV3csAe2RJrT6UDZjW4_hiz1uKShL6AfXdbhXjNoc3sB7gvD51TZKaR5NFWxVDcaq9fJ0c_zzXtXMGAccrq2SnntOErSQjbNo6FGc2k5GGuUtAhegODCihrcirRyYKQGzj3qGla8jC_7muuJgPtyIlFM1yOXf1k8WFc:1sjeAK:j1w8YFu0XzXl8yYjsrHjUzM7Hpz5h3MUMHkbXz-esf4	2024-08-29 17:52:26.740249+05:30
ril6yulw4vxzr1pmb587nsn06mfeeo8a	.eJxVj8sOgyAQRf-FtSGg5aHL7vsNZoCx0gcYwaSm6b9XWjdu7z1zM-dNloRzXickHQH39IFUpE-Yko-hx9fk55V0bMtgyWNf4N67jeXkkBmwdwylcDcI10htDHn2hhaE7m2il-jwcd7Zw8AIadyua6vUoB0DiVrIpjkZbDSTlnFjjZIW-CC4YMKKmrsWtXLcSM0ZG0DXvGXb6FL-a6qfWIBnEcuY8l_u8wUIDk8e:1smpTb:Z9LAkOmnltsjTIMZz_1ieTzO598sEyMV5LqZ2cFLW7s	2024-09-21 12:33:19.412945+05:30
ykpapfckhpcy1lzy6sfp4717bdavl2qi	.eJxVj8sKwjAURP8laylJY9LUpQgqPkBcuSo3N4mtj1SaKIj47yboxu2cmWHmRRoMg4v92XoyIfPjbrF1S2jL1aLG2TbiZX9bHw5PJR6bHXIyIvdgh_i82eQGc-18khq4x7bJoOlM0tm_pgFTewbmBP7YF9j7OHS6yJbiR0Ox6Y29TH_ev4IWQpvSJVaVU4aCtEpIzsfackUlUqZRVxKBOcEEFShKZmqrKsO0VIxSB6pkNc3j8z7-PeHhmk9EG-L3yPsDnZpXkQ:1sjfsb:bNfJ4da8dBHp0aGeyJdugB3Xti2OYLHDYlVTAaHLFWc	2024-08-29 19:42:15.732279+05:30
sh8sw0l4d0pt6x6btqkln15p8u2zg8d9	.eJxVj8sOgjAQRf-la9J0qH3g0r3fQKbtIKgUQsvCGP9dqmzY3nPnZs6brYmW_JqJnRmGcYisYi2uuW8LaIew5XDMHPoHxQLCHeNt4n6KeRkcLxW-08SvU6DnZe8eBnpM_XZde2M6GwRqskpLeXIkrdBegPPOaI_QKVBCeVVDaMiaAE5bEKJDW0MjttG1_Cern0TEsUhkSvkv8vkCfVFH4Q:1sjgwF:ierQlQGXRY2dzLbf45kMJYVVAGaN2GSrQFD2YKJd0RA	2024-08-29 20:50:05.959918+05:30
7hz7yf2i5hlwoaxn5ydm7ho7led1ek5s	.eJxVj8sOgyAQRf-FtSGg5aHL7vsNZoCx0gcYwaSm6b9XWjdu7z1zM-dNloRzXickHQH39IFUpE-Yko-hx9fk55V0bMtgyWNf4N67jeXkkBmwdwylcDcI10htDHn2hhaE7m2il-jwcd7Zw8AIadyua6vUoB0DiVrIpjkZbDSTlnFjjZIW-CC4YMKKmrsWtXLcSM0ZG0DXvGXb6FL-a6qfWIBnEcuY8l_u8wUIDk8e:1sl8Ot:zElUg28LTgKolqOgGExUaUkzDUWmJ193r92E9ogMRt0	2024-09-16 20:21:27.960656+05:30
yhac5bk60b8rhdt80wtpm5fgacq75i28	.eJxVj8luwyAYhN-Fc2QBLhjn1mZV0qjxKerJ-tliZ8GRwVKjqu9ekH3Jdb6Z0cwvqpXvbeiuxqE52n1XF7oeVtv3z-r0Y7XvN-1VLL9Wi2ZBT8c9mqHBmz48Hya6Qd9bF6UahtDUCdStjjp51SSo2J6AvoA7d5nqXOhbmSVLNlGfHTptbh-T96WgAd_ENFVFYYXGwI1gPM_fpMkF5goTqWTBFRDLCMNMMUp0aUShieSCYGxBUFLiND7ty8cTDu7pRDA-jEf-_gGAHldu:1sjh4k:ksTTdrVrFCkcZg6_wzxaA0a8qzEbkHXkzAAYWtgoS8c	2024-08-29 20:58:52.970107+05:30
az3npwmui487v6ho47y59xzuktgqchkl	.eJxVjEEOgjAQRe8ya9N0qC2FpXvPQKbtIKgUQ8vCGO-ujbhg-95__wXrGKBVB1gTL5EmhhYyp0xhGiP8cH4-Cv6jjtY8dEV0pQXcM0f-xrGIcKV4mYWfY15GJ8pEbDaJ8xz4ftq2u4OB0vCtK1_XvQ2SDFttlDo6VlYaL9F5VxtP2GvUUntdYWjY1gGdsShlT7bCRsL7A6hNR-E:1sjhMk:6hsHGRu6F3FbUoqOKlhZfLQaMptaNFKivSXXrhH-Mxw	2024-08-29 21:17:28.584195+05:30
4lcorwy6ixj8zv8i7jvt7e48cybtcrq3	.eJxVj8sOgjAQRf-la9J0qH3g0r3fQKbtIKgUQsvCGP9dqmzY3nPnZs6brYmW_JqJnRmGcYisYi2uuW8LaIew5XDMHPoHxQLCHeNt4n6KeRkcLxW-08SvU6DnZe8eBnpM_XZde2M6GwRqskpLeXIkrdBegPPOaI_QKVBCeVVDaMiaAE5bEKJDW0MjttG1_Cern0TEsUhkSvkv8vkCfVFH4Q:1sjj5x:aAnJGpobioi5FVMmwo7s8iG4olXdRhzMj-TqPce5KGs	2024-08-29 23:10:05.222162+05:30
89f2ycd8fg7v946jt5n00wxijh1vzvbz	.eJxVj8sOgyAQRf-FtSGg5aHL7vsNZoCx0gcYwaSm6b9XWjdu7z1zM-dNloRzXickHQH39IFUpE-Yko-hx9fk55V0bMtgyWNf4N67jeXkkBmwdwylcDcI10htDHn2hhaE7m2il-jwcd7Zw8AIadyua6vUoB0DiVrIpjkZbDSTlnFjjZIW-CC4YMKKmrsWtXLcSM0ZG0DXvGXb6FL-a6qfWIBnEcuY8l_u8wUIDk8e:1sqxVH:ADf3IPR63D4K5wkB6xSSffhuA3I7rw7Eze-O4zrvSDg	2024-10-02 21:56:07.140475+05:30
ykzwdy5juowrb90dk2l7rbgaiwxs1i7f	.eJxVj8sOgyAQRf-FtSGg5aHL7vsNZoCx0gcYwaSm6b9XWjdu7z1zM-dNloRzXickHQH39IFUpE-Yko-hx9fk55V0bMtgyWNf4N67jeXkkBmwdwylcDcI10htDHn2hhaE7m2il-jwcd7Zw8AIadyua6vUoB0DiVrIpjkZbDSTlnFjjZIW-CC4YMKKmrsWtXLcSM0ZG0DXvGXb6FL-a6qfWIBnEcuY8l_u8wUIDk8e:1soVh0:iTac4OuXZwO5GmLm3i73EHxx42-pQUvIRzet6EB-g0Q	2024-09-26 03:50:06.482953+05:30
6asuj4qjh3aacbva8woqbqfqxzycesp1	.eJxVjzsPwiAUhf8LcyUg0Nfo5uDs2FzgKtVKm0ITG-N_F0yXrt955JwPWQLOcZ2QtOTsI84ehkNmpCBdwBD60Xf4nvp5JS1LDJboumzoepsyguyYBvNEnwX7AH8fqRl9nHtNs4VuaqCX0eJw2ry7AgfBpTQqBeZWcmOZBrRaMFEBZ6xBqNGwWgqpElOylgBGIeNWgC4bqGQjj8BT6ZL3yeJ_0MMrH7yCS_D7A-5ZUQs:1sspDv:FhiLQg08j5JYDuUs7CcLh_1lmXQThPk2lzk52PlWlc8	2024-10-08 01:29:55.99538+05:30
nn1isy6rk3vn1x1fxmy6rxzom2oafo29	.eJxVjzsPwiAUhf8LcyUg0Nfo5uDs2FzgKtVKm0ITG-N_F0yXrt955JwPWQLOcZ2QtOTsI84ehkNmpCBdwBD60Xf4nvp5JS1LDJboumzoepsyguyYBvNEnwX7AH8fqRl9nHtNs4VuaqCX0eJw2ry7AgfBpTQqBeZWcmOZBrRaMFEBZ6xBqNGwWgqpElOylgBGIeNWgC4bqGQjj8BT6ZL3yeJ_0MMrH7yCS_D7A-5ZUQs:1stNFp:beh8NwgMu7O3eOaeByF97t4PQabxBx_7d9xp4nM9zYM	2024-10-09 13:50:09.47253+05:30
olr5xu3vxzuz1yqidrezehehivntitny	.eJxVj8sOgyAQRf-FtSGg5aHL7vsNZoCx0gcYwaSm6b9XWjdu7z1zM-dNloRzXickHQH39IFUpE-Yko-hx9fk55V0bMtgyWNf4N67jeXkkBmwdwylcDcI10htDHn2hhaE7m2il-jwcd7Zw8AIadyua6vUoB0DiVrIpjkZbDSTlnFjjZIW-CC4YMKKmrsWtXLcSM0ZG0DXvGXb6FL-a6qfWIBnEcuY8l_u8wUIDk8e:1stVoX:swNp0eoM3SxQ3XjVltzsdP_OXXVFyc6HUfdu5SLszC8	2024-10-09 22:58:33.968643+05:30
xu9ppzbio2gyfyjvmiz1bt1999vzzhtc	.eJxVjMkOgjAURf-la0NaoKW404SFGhMTxx3p8LCItjLFEOO_WxI2bM85935Rrtqm6FwFFi3R5mRS6q7xLjM3A_aTHWq2XQ0GjvW5wvEFLVDfQtMNb_C10K_SepSLvjP5KPJSe07mTArl30ehH8LeXaCc7ZpSBmMSTLYN9k7Dcz21swMjWuPXoUqSgmssGHDKoiiWEHHMFCZSyYQpQQpKKKaKhkSnwBNNJOME40LwkKQY_f7IGk2B:1sjfuP:hEGr3a5VG0YBSWEwEL8kbs4N91NbVx8gfMA9T7JLrUM	2024-08-29 19:44:07.852787+05:30
0xkedvtddvkmib3rz2klzej243t2enc4	.eJxVjr1uxCAQBt-FNme0GPxHFaVLkS69tcAm5mKDZbCSU5R3D0jXXDsz32p_Wcw702pQ8sJoQ78yzdC4c_3GxTt-fXZH9A5XbuPGLrWes9-oVC20qoGpAfkulJaDlsCF6IXsnwA0QKnPREe-7bV-DZmOgGtTWVFzopR8DDP97P64MQ2F4ZmXuQazd2Uj2QMzaL8oVOGuGD5jeSnkwxteE363ib9FR-vLvX04sGBaypq6Du1HL6wDg-SMBDmgAJgIR7IwKqm6wjo1KkTbEQgn0fQTDmpSLQr29w_xh2Jq:1slUfw:8LE6WAzH2w5tnYFaS_xECI_6gPwVuqyl2SWXExxAnOU	2024-09-17 20:08:32.989247+05:30
tgxs0wl4c2vsqq1hecstroet23o2ycdf	.eJxVj8sOgjAQRf-la9J0qH3g0r3fQKbtIKgUQsvCGP9dqmzY3nPnZs6brYmW_JqJnRmGcYisYi2uuW8LaIew5XDMHPoHxQLCHeNt4n6KeRkcLxW-08SvU6DnZe8eBnpM_XZde2M6GwRqskpLeXIkrdBegPPOaI_QKVBCeVVDaMiaAE5bEKJDW0MjttG1_Cern0TEsUhkSvkv8vkCfVFH4Q:1sjgzx:smzNlO9NXTDloPppFZzNi6PARfbc87fog7O1ijasD-8	2024-08-29 20:53:55.53849+05:30
j3t7gmwm46vt6dcuqq2d4ud720uavtbz	eyJfY3NyZnRva2VuIjoiTlROMk0zWDhja1ZIcTZBd3VLVDJCdkdycWZLUk9wR04ifQ:1sjhFY:HhbYImQVTAcNwLd6eX519mISh09VenDECBmZvp_3kfM	2024-08-29 21:10:02.693253+05:30
egoe1uhk4zi2a84kj6vylhbbxcumygne	.eJxVj8sOgyAQRf-FtSGg5aHL7vsNZoCx0gcYwaSm6b9XWjdu7z1zM-dNloRzXickHQH39IFUpE-Yko-hx9fk55V0bMtgyWNf4N67jeXkkBmwdwylcDcI10htDHn2hhaE7m2il-jwcd7Zw8AIadyua6vUoB0DiVrIpjkZbDSTlnFjjZIW-CC4YMKKmrsWtXLcSM0ZG0DXvGXb6FL-a6qfWIBnEcuY8l_u8wUIDk8e:1solNK:j911ACDElOIHQuvvUZ7QpEHekEgdz3GkhgWgnD-HgOI	2024-09-26 20:34:50.677697+05:30
yvynen467qx89gkpltv58lcvw5q5t6c7	.eJxVj8sOgjAQRf-la9J0qH3g0r3fQKbtIKgUQsvCGP9dqmzY3nPnZs6brYmW_JqJnRmGcYisYi2uuW8LaIew5XDMHPoHxQLCHeNt4n6KeRkcLxW-08SvU6DnZe8eBnpM_XZde2M6GwRqskpLeXIkrdBegPPOaI_QKVBCeVVDaMiaAE5bEKJDW0MjttG1_Cern0TEsUhkSvkv8vkCfVFH4Q:1sjhRP:8cxlvbs5h-7r3JGLrkftaMI33NcTIcYqzNdPM_0nrTQ	2024-08-29 21:22:17.059039+05:30
m2ja4l2ysqcwoklngqeeo4yvc7wufkpq	.eJxVj8sOgjAQRf-la9J0qH3g0r3fQKbtIKgUQsvCGP9dqmzY3nPnZs6brYmW_JqJnRmGcYisYi2uuW8LaIew5XDMHPoHxQLCHeNt4n6KeRkcLxW-08SvU6DnZe8eBnpM_XZde2M6GwRqskpLeXIkrdBegPPOaI_QKVBCeVVDaMiaAE5bEKJDW0MjttG1_Cern0TEsUhkSvkv8vkCfVFH4Q:1sjj9c:6PrDmvE2ekf8kD08iBST-lJN35s9sOXTVf2n5jk9NH8	2024-08-29 23:13:52.042113+05:30
gkpmgn15p8nowcfgz79solbgw8wpho23	.eJxVjzsPwiAUhf8LcyUg0Nfo5uDs2FzgKtVKm0ITG-N_F0yXrt955JwPWQLOcZ2QtOTsI84ehkNmpCBdwBD60Xf4nvp5JS1LDJboumzoepsyguyYBvNEnwX7AH8fqRl9nHtNs4VuaqCX0eJw2ry7AgfBpTQqBeZWcmOZBrRaMFEBZ6xBqNGwWgqpElOylgBGIeNWgC4bqGQjj8BT6ZL3yeJ_0MMrH7yCS_D7A-5ZUQs:1sqrvl:AhUfGMB8E1CBfj34i_dESEJDeH7Z-ce-UZ3si6iU40U	2024-10-02 15:59:05.735761+05:30
8g1nt30qbzpum7q4xf0jbpa5ay25coiu	.eJxVj8sOgyAQRf-FtSGg5aHL7vsNZoCx0gcYwaSm6b9XWjdu7z1zM-dNloRzXickHQH39IFUpE-Yko-hx9fk55V0bMtgyWNf4N67jeXkkBmwdwylcDcI10htDHn2hhaE7m2il-jwcd7Zw8AIadyua6vUoB0DiVrIpjkZbDSTlnFjjZIW-CC4YMKKmrsWtXLcSM0ZG0DXvGXb6FL-a6qfWIBnEcuY8l_u8wUIDk8e:1srAO9:ELbTkghqUjJKRPzDYcByInN1DzfY7iuwHX_RXaQcMbw	2024-10-03 11:41:37.512347+05:30
tsq8xitnvtkuh0h1feu4xegfke6it3mt	.eJxVj8sOgyAQRf-FtSGg5aHL7vsNZoCx0gcYwaSm6b9XWjdu7z1zM-dNloRzXickHQH39IFUpE-Yko-hx9fk55V0bMtgyWNf4N67jeXkkBmwdwylcDcI10htDHn2hhaE7m2il-jwcd7Zw8AIadyua6vUoB0DiVrIpjkZbDSTlnFjjZIW-CC4YMKKmrsWtXLcSM0ZG0DXvGXb6FL-a6qfWIBnEcuY8l_u8wUIDk8e:1soQew:-mVmhVRnxD7EowEEeqfZv78vmvS_LXhv66Nnu8iATZo	2024-09-25 22:27:38.692178+05:30
p4v06w8hjfitf6xzxkwd1qbz9a9yh3f0	.eJxVjzsPwiAUhf8LcyUg0Nfo5uDs2FzgKtVKm0ITG-N_F0yXrt955JwPWQLOcZ2QtOTsI84ehkNmpCBdwBD60Xf4nvp5JS1LDJboumzoepsyguyYBvNEnwX7AH8fqRl9nHtNs4VuaqCX0eJw2ry7AgfBpTQqBeZWcmOZBrRaMFEBZ6xBqNGwWgqpElOylgBGIeNWgC4bqGQjj8BT6ZL3yeJ_0MMrH7yCS_D7A-5ZUQs:1sqxM8:8B-e5kdtcoaxDq0a4BaXKvXZtSpytz-aEqtL8-MiVZU	2024-10-02 21:46:40.270618+05:30
ml4esnto0a56d6mklca5z892ykx9cb5k	.eJxVj8sOgyAQRf-FtSGg5aHL7vsNZoCx0gcYwaSm6b9XWjdu7z1zM-dNloRzXickHQH39IFUpE-Yko-hx9fk55V0bMtgyWNf4N67jeXkkBmwdwylcDcI10htDHn2hhaE7m2il-jwcd7Zw8AIadyua6vUoB0DiVrIpjkZbDSTlnFjjZIW-CC4YMKKmrsWtXLcSM0ZG0DXvGXb6FL-a6qfWIBnEcuY8l_u8wUIDk8e:1slCvC:hahA8EDOX-qP4gau4PdYsAyne_PLqdEYNppeMG3o1rg	2024-09-17 01:11:06.919791+05:30
58obvkbl5k295k92573gseik1hynmjq3	.eJxVj8sOgyAQRf-FtSGg5aHL7vsNZoCx0gcYwaSm6b9XWjdu7z1zM-dNloRzXickHQH39IFUpE-Yko-hx9fk55V0bMtgyWNf4N67jeXkkBmwdwylcDcI10htDHn2hhaE7m2il-jwcd7Zw8AIadyua6vUoB0DiVrIpjkZbDSTlnFjjZIW-CC4YMKKmrsWtXLcSM0ZG0DXvGXb6FL-a6qfWIBnEcuY8l_u8wUIDk8e:1stNcw:YfDTBVqCjvrrg7H4Odd3sFkdU_lO2VcuvaiOGciPA0g	2024-10-09 14:14:02.162476+05:30
g8gu553f4loavfy4wjgk589mhkptsfzd	.eJxVj8tuwyAURP-FdWSBHR7OLo2UqmqybZQVusClJg9cGbKIqv57QfYm2zkzo5lfom2afB6vGMmGuLM5b0_vHG8xf8l9EkFE79tD6OnHdrf_JCvySDjl5w8WN7h7iEXS8MiDrkAHV3T2qhmwpb0Cd4H4PTZ2jHkKpqmWZqGpOY4Ob2-L96VggDSUdGul9MpREKi46Lq1wU5RYSkz1khhgXnOOOWWt8z1qKRjRihGqQfVsp7W8XVfN5-IcK8nMqY8H_n7B1mXVz8:1sjfv1:idz_queSZ6QtmUgd02OAEKk2NHBvh4c3tjzmRpdlw-M	2024-08-29 19:44:45.436186+05:30
a2mb47k5pb1f692753oui46lgt6dfmui	.eJxVjDkOg0AMRe8ydTSyIbOQMn3OgDy2CWQZEEsRRbl7QKKhfe_9_zXLpOP8GdRcDMm7y-Zkalrmtt5E3cnK8cgS8VPzJuRB-d5b7vM8dsluid3tZG-96Ou6t4eDlqZ2XRccQhMFyGt0vizPScsIngETp-CZsHHowLErUCqNQTD5iAANxQIrML8_cGs9qw:1sjhHR:yuWlufOCjHSAPZJ_sjPgwvw5YcO2m10oUSaCSGgs-0k	2024-08-29 21:11:59.803724+05:30
peo8n0abjvm1n96cgf3gw9eyyn7vvib3	.eJxVj8sOgjAQRf-la9J0qH3g0r3fQKbtIKgUQsvCGP9dqmzY3nPnZs6brYmW_JqJnRmGcYisYi2uuW8LaIew5XDMHPoHxQLCHeNt4n6KeRkcLxW-08SvU6DnZe8eBnpM_XZde2M6GwRqskpLeXIkrdBegPPOaI_QKVBCeVVDaMiaAE5bEKJDW0MjttG1_Cern0TEsUhkSvkv8vkCfVFH4Q:1sjhWk:blY6tBA_Tlb3zkMyQdzaZb2U7xSWAFW_m8ksRqV2xKc	2024-08-29 21:27:48.000681+05:30
hvgxd890nsp33xar83p460y3lnktpn17	.eJxVj8sOgjAQRf-la9J0qH3g0r3fQKbtIKgUQsvCGP9dqmzY3nPnZs6brYmW_JqJnRmGcYisYi2uuW8LaIew5XDMHPoHxQLCHeNt4n6KeRkcLxW-08SvU6DnZe8eBnpM_XZde2M6GwRqskpLeXIkrdBegPPOaI_QKVBCeVVDaMiaAE5bEKJDW0MjttG1_Cern0TEsUhkSvkv8vkCfVFH4Q:1sjjDb:NC13GAb_A488LeMxrXZQUiXa-PfMUh8pXcxexDoT1Gg	2024-08-29 23:17:59.431078+05:30
c7vwo1solya0y8izpqqpd6yk2zfdpak3	.eJxVj8sOgyAQRf-FtSGg5aHL7vsNZoCx0gcYwaSm6b9XWjdu7z1zM-dNloRzXickHQH39IFUpE-Yko-hx9fk55V0bMtgyWNf4N67jeXkkBmwdwylcDcI10htDHn2hhaE7m2il-jwcd7Zw8AIadyua6vUoB0DiVrIpjkZbDSTlnFjjZIW-CC4YMKKmrsWtXLcSM0ZG0DXvGXb6FL-a6qfWIBnEcuY8l_u8wUIDk8e:1smoTF:pxEIECrPNlkiz3u9Tc7qS1T7wvsT5pTf8ZxbDKi6jjM	2024-09-21 11:28:53.042943+05:30
q2zefrpzwmknv7wct3vmufrkv83yufvn	.eJxVjMkKwjAABf8lZylJ0yz1KC5QEUXwHLLaak2kaS0q_rspePE6M--9gdCxc324Wg_mYF2NbXHEx86_qs3pxdzhUj62-InDdb8a2RLMwBBt1z_vNtXS3BqfkJBDX4tJiMYkjv6Zkjq9T8JcpD-HTAffd43KpiT72ZjtgrHt4tf-HdQy1mmda8YcN1BSywnFuFAWc0g1REorRrVEjiACiSY5MqXlzCBFOYLQSZ6jEoLPF9Z-TY8:1sjfxw:yUa8iaN48X03EvGZbfIWRxkuJdVTKvxs7C5I2Z9arJI	2024-08-29 19:47:46.78884+05:30
bg9k4kiwcroszdzglm9th1ty45bi0dg5	.eJxVj0GPwiAUhP8L500DRSj1phd1jSZmo8ZT83hQW1epKZjdxvjfhejF63wzk5k7qdD3deh-rSNj8s9ny9nmOpT73XKHP4uJ2Yb14Q_Qf8-H8-ZEvsjN2z4MVxvdYC6ti1IFt9BUCVStiTr71DRgbE_AnMAduww7F_pWZ8mSvanPVp2x5-nb-1HQgG9iOseiqJWhIK0SkvORtlxRiZRp1IVEYLVgggoUOTOlVYVhWipGaQ0qZyVN49M-_jrh4JJOBOvD68jjCTF4WDY:1sjh2h:JlM5AilvVf1NmHs-Mp82oPiuOCDmMhivJ-U6KE-fFXM	2024-08-29 20:56:45.359116+05:30
lcqtvxuhj7j5c82hnlru2vwv379s8wso	.eJxVj8sOgyAQRf-FtSGg5aHL7vsNZoCx0gcYwaSm6b9XWjdu7z1zM-dNloRzXickHQH39IFUpE-Yko-hx9fk55V0bMtgyWNf4N67jeXkkBmwdwylcDcI10htDHn2hhaE7m2il-jwcd7Zw8AIadyua6vUoB0DiVrIpjkZbDSTlnFjjZIW-CC4YMKKmrsWtXLcSM0ZG0DXvGXb6FL-a6qfWIBnEcuY8l_u8wUIDk8e:1slCva:lSldWUkx3YN91K9sDws1F7PKRJoxs4Ya16vJQ4IGS0I	2024-09-17 01:11:30.811239+05:30
zq47jt7igzmccpai3qr1qvi2raje8x3e	.eJxVjEEOgjAQRe8ya9N0qC2FpXvPQKbtIKgUQ8vCGO-ujbhg-95__wXrGKBVB1gTL5EmhhYyp0xhGiP8cH4-Cv6jjtY8dEV0pQXcM0f-xrGIcKV4mYWfY15GJ8pEbDaJ8xz4ftq2u4OB0vCtK1_XvQ2SDFttlDo6VlYaL9F5VxtP2GvUUntdYWjY1gGdsShlT7bCRsL7A6hNR-E:1sjhHg:O6d8E-KmLFyLTaWPiQylmvgVIzlLpo1PFXh3zjPU5p4	2024-08-29 21:12:14.362542+05:30
qybjbd2q78ln57lrrmmf6h1ee8vfe8e4	.eJxVj8sOgjAQRf-la9J0qH3g0r3fQKbtIKgUQsvCGP9dqmzY3nPnZs6brYmW_JqJnRmGcYisYi2uuW8LaIew5XDMHPoHxQLCHeNt4n6KeRkcLxW-08SvU6DnZe8eBnpM_XZde2M6GwRqskpLeXIkrdBegPPOaI_QKVBCeVVDaMiaAE5bEKJDW0MjttG1_Cern0TEsUhkSvkv8vkCfVFH4Q:1sjhZ7:sN7_EHI1ZU2BNDTtH9ckyqxfqK0GY5UM2r2f5iFvGTw	2024-08-29 21:30:15.210752+05:30
fetel8d2r5wmavfq5r8vhwpc11hl3tln	.eJxVj7tuxCAQRf-FNl404MVgV1H6dOmt4eGYjQ2WwUpWUf49sNkUW86dM1dzvsmR3J6vmyMDQbv6QBoyJpeSj2F0X5vfr2SAkuGR57HCo7eFZeQh02g-XKgLe8HwHqmJIe9e04rQ-zbR12jd8nJnHwpmTHO55kbKSVnAzinRte1Zu1ZBZ4Bpo2VnkE2CCRBGcGZ7p6RlulMMYELFWQ-l9Kj_tc1NLOBaxbJL-V8u5o0MPWeyIW5Fv1RvbY_lE2dv6eXZ7tFbXIrA-keP2d9KOPDzCfoT8DcmBwYDKCp4K3p4gjIA-fkFee9o3Q:1slBva:BuxuqV0OrZha7z0lEVn91g9ILeI_rVbJPh8GvpWN51k	2024-09-17 00:07:26.735256+05:30
w0ta92vys4g9mpq9t5w5dxk8v7qyrjgs	eyJfY3NyZnRva2VuIjoidU1peVl2Tlp0MlFkaFBtYk1lbjFQSEhIeDQ5dUc1SnUifQ:1sjh3Q:fQLi9ICj00Ba_zsEP9iBiIjNwXM5KJK6G9rABjzc-GQ	2024-08-29 20:57:30.906475+05:30
q79i9z1glx9ggdru2ui1onn2w0r2tgrd	.eJxVjz1vwjAYhP-L5yqyE_wRNlBBYuhSdUi7RK8_0gSIndpOm7biv2MLFtZ77k53_6hVwXfRnYxFa_TmDz_73Tsf3feX3zT9EuvxdVqe8bz87crmAz2hORgffyeT3KDHwSaphTn2bQbtoJNOHjUJKrVnoI9gP12hnI1-kEW2FHcaihenzXl79z4U9BD6lC4V553QGJgRlFXVSppKYKYwkUpypoB0lFBMFS2Jro3gmkgmCMYdiJLUOI_P-6rbCQtjPhFNiLcjlyufuVik:1sjg6p:_1JswKtJlY8yYGeibZ7qvIYjcGactUMuASrmOiPeWl0	2024-08-29 19:56:57.416972+05:30
hmfetq6qmhwhkbgcffh9my6l6qt2dj2d	.eJxVj8sOgjAQRf-la9J0qH3g0r3fQKbtIKgUQsvCGP9dqmzY3nPnZs6brYmW_JqJnRmGcYisYi2uuW8LaIew5XDMHPoHxQLCHeNt4n6KeRkcLxW-08SvU6DnZe8eBnpM_XZde2M6GwRqskpLeXIkrdBegPPOaI_QKVBCeVVDaMiaAE5bEKJDW0MjttG1_Cern0TEsUhkSvkv8vkCfVFH4Q:1sjhIL:u5Jr8rWPmtdyCXuZuU1qEQacQAdJaN2Hf7llL8q2VOA	2024-08-29 21:12:55.221091+05:30
psh2l9ilc2cpui90pnhdpd790s7buxg1	.eJxVjMsOgjAQRf-la0M6YEt16RoSE6Mxbsh0Wh4qoBSijfHfLQkbt-ecez-sIDeUY3-zHduy07tup_Ph6LOLf3iP4F8my_cDoTtWzwzYik3ODqN_2FCjaZsuoAKnsS5mUTQmcPhnGim8z8Jcsav6iPpuHBodzUm0WBflvbH33dL-HdTo6rCOKU1LZThKq4RMkrW2ieKSOGjSqSSEUoDggkQMZmNVakBLBZyXqGLYcPb9AQGpTvs:1sjg7s:PbxgMG6AGNTgjc4RoO13QoFuSnTzwc1biS_4SU9JeNg	2024-08-29 19:58:02.695804+05:30
deto5oib8dm0e6a7mds68ky22x3jyf1d	.eJxVj81OAyEURt-FtZkAUxjanU10Y1wYE7fkApcO1YEKNJlqfHch7abb7zv35_wSbUv2NX1iJDvyYp_MOrr1KL7dYvImvi974I_P_s3_fPDDSh7IuWCulxM2GtwSYot0wVJCihrXU8gXsqMtg3OddYd1cI1l5C4zYNvFXrgjxEMabIo1BzN0ZLi1ZXhNDr_2N_ZuwQxlbtPcTpNXjoJEJeQ4bgyOikpLmbFmkhaYF0xQYQVnbotqcsxIxSj1oDjb0i7U_xuvYhGWLlax1Kvc3z8eNl-H:1smENP:7JHoOZJToQrAY0fux3SLMIM_nT4K68viNCM4h5xmBy8	2024-09-19 20:56:27.92559+05:30
anendex3vk22u9hkmx0mlfvjjg4gn6jw	.eJxVj8kKwjAYhN8lZylJa9LoTUEEoYKg4q382WxdktKkuOG7m6AXr_PNDDMvVEvfm-DO2qIp6jZHWHu32uPNc1bddmoR7KHdD4bxe-62SzRCg9d9eHQ6ukFdWxulGobQ1AnUrYo6-dcEyNiegDqBPbpMOhv6VmTJkv2ozyqn9GX-8_4VNOCbmM5lWRquMDDNKSuKsdAFx0xiIqQomQRiKKGYSpoTNdG8VEQwTjA2wHMywWl82ld8T1i4phNB-_A98v4ATiFYSg:1sjg9n:PF0axbzWpjlV7QqlBZRSKO1X5Fy9ChsAJ3NAOuFZKck	2024-08-29 20:00:01.882543+05:30
71nrhep7cwdd0vwa9e5447g9l88man0u	.eJxVj8sOgjAQRf-la9J0qH3g0r3fQKbtIKgUQsvCGP9dqmzY3nPnZs6brYmW_JqJnRmGcYisYi2uuW8LaIew5XDMHPoHxQLCHeNt4n6KeRkcLxW-08SvU6DnZe8eBnpM_XZde2M6GwRqskpLeXIkrdBegPPOaI_QKVBCeVVDaMiaAE5bEKJDW0MjttG1_Cern0TEsUhkSvkv8vkCfVFH4Q:1sjihz:V5UywqJq9T-t7X6iU_EkUIAJUK_yd31M9FvJwjerafU	2024-08-29 22:45:19.608053+05:30
mb3uwa5bq5sm5z59y0utqig8lbixndze	.eJxVj8tuwjAURP_FaxT5xvUj7EAgBQSrFgmxia4faUKLA7FZIMS_1y5s2M6ZGc3cSWPC2Mbhx3kyJZ-r3fJgD1-4nm32dX2u9AXWUuzZJda7xY2SCbkGN8bb2SU32lPvk9TgNXZNBk1vkw7vmkaT2jOwR_TfQ2EGH8deF9lSvGgotoN1v_OX962gw9CldGmkbJWlKJzigrEP7ZiiwlDQRkthEFoOnHLDS7CVU9KCFgoobVGVUP2Pz_vY84THUz4RXYjPI48_M0lXHQ:1sjgAp:dQ9_zCVPyCwiymcD4OvMcg_DiK4xBjpTsZaMKfcNtx0	2024-08-29 20:01:05.082025+05:30
rckkfdmgwlgag0816skuzdo5uht58x3c	eyJfY3NyZnRva2VuIjoiT0ZTTjI5Rld0TmMyY0tzVE5ueXNGakJlSVJRM1J4MjYifQ:1sjgFY:S_6Ins8S2IijK2g2G1k64t9BEtE1Ur7i_Uu4DM7fzeQ	2024-08-29 20:05:58.485447+05:30
dxacb94ocip2vks69e6mfsphrkg0of3p	.eJxVjL0OgjAURt-lsyEt2B8cHQyDJk5qXMjtbWsRBIUao8Z3tyQsrOec7_uSEofeha62LVkRKwuE5r1_bJt-446FOZ9ePBw-tX7chc89WZDnYPvwvttYg7lVbUQlPIMvR1FWJnI2Zxowvo_CXKG9dAl2begrnYxJMtkh2XXGNuupnR14GHxcpyilU4aCsIqLLFtqmykqkDKNWgoE5jjjlCNPmcmtkoZpoRilDlTKckp-f5UyTn0:1sjgFz:TC9a7Y4V7fH-p3bztHxpfIrxooRGyMzVskzp-ra6YXs	2024-08-29 20:06:25.960614+05:30
346zngievuf6xeqek5g9b2ukhnztabml	.eJxVj02PwiAYhP8L500DZaHUo2ZPRpM1e29ePirUCm5Bd63xvwvRi9d5ZiYzN9SpOPUpHIxHC8Tsdl6v2u1l__c1jN_05H7_7U7O9TgG9yNm9IHO0UzpejLZDfrofJY6OCfbFdA5nXXyrklQub0APYDfh0oFnyYnq2KpXjRWm6DNuHx53wosRJvTtWqaXmgM3AjGKf2UhgrMFSZSyYYrID0jDDPFaqJbIxpNJBcE4x5ETVpcxpd99HnCw7GcSCam55H7A56rWKo:1sjgIH:-5ixLHq3NjTafXfMVHJtCHJ04zS5dGeB5ovmHwY8fCQ	2024-08-29 20:08:47.351963+05:30
fghgy93oh6x01mxc6dfeahvdi8nejzxg	.eJxVjzELwjAUhP9LZilJY9LoKOKmCA4dy8vLq62tqTZRFPG_26CL6313x92LVRjGOg4debZk0B6OPe0e63JTdodyn8tNb2CM96tDdWksm7FboDE-L5Tc7tz6SargFpsqgap1ky7-NQs4tSfgTuCPQ4aDj2Nrs2TJfjRk28FRv_p5_woaCM2UzrEoauM4aDJKSzm3JA3XyIVFW2gEUSuhuEKVC7cgUzhhtRGc12ByseBpfNonvyc8nNOJSCF-j7w_ZRNYaA:1sjgIr:eRDfBHOkOP8jUk99LFYVrBjT0I6cAsvEQVtVoUfVHX0	2024-08-29 20:09:23.009196+05:30
7lgcsulj3i1ml8shhottnqutxppd0nf8	.eJxVjz1vwyAYhP8Lc2WBMR_u1oyRogwZOlovLzimjSEyOFIV5b8XZC9Z77k73T3JgGkZc_x1gXySbzzElOzjfLsseu5Oxy813zsfW8-vq_E9-SBrckv-u7viBjv7UKQB1jwNFQzeFp29awawtFdgfyBcY4Mx5MWbplqanabmFK27HXbvW8EEaSrpFpUataUgnRaS8844rqlEygwaJRHYKJigAkXLbO-0ssxIzSgdQbesp3V83ce3EwHmeiK7lLcjr38uclgn:1sjgJm:xSz1zf4agiX6Z2rQKoBHbJV7BSetAbtjKGDIcs3C0lM	2024-08-29 20:10:20.544831+05:30
yrtfa91j2l3vdyumm9049coucm1olpi4	eyJfY3NyZnRva2VuIjoiMFVvcHhDWUtmZG45NWdXdGoySzVxb1lFV2U3a1JrdlMifQ:1sjgJt:vZXdPRvQM3KCgRjKURNhGs7vFQUOUC5-QGZANy4Kfm4	2024-08-29 20:10:27.973097+05:30
k1ij3y5tqbakstfsrplvm7gd6vskxp4o	.eJxVj98LgjAcxP-XPYds2ubsrYKCMAqKXuW7H6aVM9ykIvrf29AXX-9zd9x9USFtV7r2rg1aoNP6yE_ryytffuLK5of3ma0uc7e7qm3P6vMGzVBvdec-T-3doJraeKmA3lVFAEWtvE6mmgDp2wNQNzDXNpKtcV0tomCJRmqjfav0YzV6JwUV2MqnY5mmJVcYmOaUJclc6IRjJjERUqRMAikpoZhKGhOVaZ4qIhgnGJfAY5LhMD7sS4YTBppwwmnrhiO_P4SSV3g:1sjgOE:e3s8sURl2f-0AtLFqP3ZRGmUvQzeHOyjzIpBXL2qQLY	2024-08-29 20:14:56.79305+05:30
z9yxh8jrkae1a5nxvd4snelff1ybwj8f	.eJxVjz0PwiAYhP8Ls2mgCKWO6mKijRp1cGlePmrrB9VCTdT434Xo4nrP3eXuhUrlusq3J2PRCK1yunlun_zez5Y7XNyK6XhOzze-3RePCc_XaIB6Zzr_uJrgBn1pbJBK6H1dRlA2OujkX5OgQnsE-gj20Caqtb5rZBItyY-6ZNFqcx7_vH8FNbg6pFOVZZXQGLgRjFM6lIYKzBUmUsmMKyAVIwwzxVKicyMyTSQXBOMKREpyHMfHffR7wsIlnvDG-e-R9wdMe1c2:1sjgOn:o-vAp0FrDY9QvIsTSsGbKoHVVgg4JDXFuSlhvHkG9pE	2024-08-29 20:15:31.491454+05:30
7hs5rei76g325nt0dp0xv8m4v84l5ktq	eyJfY3NyZnRva2VuIjoiTWR1V0wzbUdJVUVOaGlpa3g4Tm9sTzBpMThURk1obDAifQ:1sjgPh:lPPjfRX8V_l571FdRSrncJjvFsG3msC38bLSdnuh61Q	2024-08-29 20:16:27.433693+05:30
56j4ydlty2caebczvo6xkp45xvz3g9u6	eyJfY3NyZnRva2VuIjoieFJkbUprTlVKWk5Wb05EUTlGZHB1dUo5Q1l0ZUNFUkEifQ:1sjgQG:C1M8Y9epK8K8cTR2makCYNWR_aF5MYeM90azbz352H8	2024-08-29 20:17:02.216079+05:30
q5dqmxgui6bjrwavyo20rda2wcroq3ah	.eJxVjssOgjAUBf-la0NasA9cIjExys7EJWlvizy01VJM0PjvQsKG7czk5HxRCb2vguuMRTsUv-J86I4F8Is9ULZ3V6P9Jwunsc3PbxrQBg298WF8mqmW-tHYCZVyCHU5i7LREydrpiRM67PQrbQ3F4GzwTcqmpNosX1UOG3u2dKuBmrZ1_M54LwSGktmBGVJslUmEZgBJgoUZyBJRQnFFGhMdGoE10QxQTCupIhJitHvD-xHTbQ:1sjgR0:qZ3qmVgwn2REiSTXDinyImmUeyJZetG31fJTzTGX-rI	2024-08-29 20:17:48.315139+05:30
maj8jfa9al73r5xwq3iqludw978sk5bo	.eJxVj8sOgjAQRf-la9J0qH3g0r3fQKbtIKgUQsvCGP9dqmzY3nPnZs6brYmW_JqJnRmGcYisYi2uuW8LaIew5XDMHPoHxQLCHeNt4n6KeRkcLxW-08SvU6DnZe8eBnpM_XZde2M6GwRqskpLeXIkrdBegPPOaI_QKVBCeVVDaMiaAE5bEKJDW0MjttG1_Cern0TEsUhkSvkv8vkCfVFH4Q:1sjged:4z2IfXZQFTflQ-P9cAeKyctQJWQyVx8Q0XgWGMJ0D_g	2024-08-29 20:41:43.881151+05:30
u8x8fvlv3ho1d3w62z7a87t8f9zf181z	eyJfY3NyZnRva2VuIjoibUp4ZTg4VDdKNkJEMEJ6RkQxeHFwQk5nU2w2NHlHNnkifQ:1sjh3V:oweI2flrirCIS7MnBehX8UL4-yEX_n20ss93N5kr2ig	2024-08-29 20:57:35.115777+05:30
j6dv9pqstz2fktcedsp42drw51dbzfb0	.eJxVjDkOg0AMRe8ydTSyIbOQMn3OgDy2CWQZEEsRRbl7QKKhfe_9_zXLpOP8GdRcDMm7y-Zkalrmtt5E3cnK8cgS8VPzJuRB-d5b7vM8dsluid3tZG-96Ou6t4eDlqZ2XRccQhMFyGt0vizPScsIngETp-CZsHHowLErUCqNQTD5iAANxQIrML8_cGs9qw:1sjhMX:xzv4kDxbjyhHLkWwjZ-Sb_y5yvViGAnAuRpYl2EiI-A	2024-08-29 21:17:15.18362+05:30
k691vkwfnwsshlwphqne15pxsbvcouga	.eJxVj8sOgjAQRf-la9J0qH3g0r3fQKbtIKgUQsvCGP9dqmzY3nPnZs6brYmW_JqJnRmGcYisYi2uuW8LaIew5XDMHPoHxQLCHeNt4n6KeRkcLxW-08SvU6DnZe8eBnpM_XZde2M6GwRqskpLeXIkrdBegPPOaI_QKVBCeVVDaMiaAE5bEKJDW0MjttG1_Cern0TEsUhkSvkv8vkCfVFH4Q:1sjivZ:ls3zMIbwDg8QfCkDig7Q59VWvV3eGZgBJYgXZUTdJgI	2024-08-29 22:59:21.851557+05:30
\.


--
-- Data for Name: evrequest_evdetails; Type: TABLE DATA; Schema: public; Owner: postgres
--

COPY public.evrequest_evdetails (ev_remarks, ev_status, ev_assigned_to, ev_assigned_name, "Date_of_service", patient_name, patient_id, patient_dob, plan_network, subscriber_id, subscriber_name, subscriber_dob, ev_createddatetime, ev_assigned_createddatetime, ev_closed_createddatetime, ev_review_created_datetime, ev_assigned_timedifference, ev_progress_timedifference, ev_id) FROM stdin;
\.


--
-- Data for Name: register_userdetails; Type: TABLE DATA; Schema: public; Owner: postgres
--

COPY public.register_userdetails ("user_Firstname", "user_Lastname", "user_Mobile", "user_Email", "user_Designation", "user_Company", "user_SecretKey", "user_Checklist", user_assign_flag, "user_Username", "user_Password", "user_Createddatetime", "user_Type", "user_ID") FROM stdin;
test	admin	9087654321	admin	admin	Droidal	SOLWZHY4MIDULZEVYTBLH5NLVAJL4INJ	\N	\N	testadmin	pbkdf2_sha256$870000$RTcNLLZosnAzabNL8iB2OE$Eqgv6GvTGmOFFxQZ6fuzMPLRS0Z7nSK9GoI5D6WOPxg=	\N	admin	3
Abdul	Wahid	7200939899	wahid.genzi@gmail.com	Internal-user	Droidal	TMWR6QSML4RAIQ65DUII4POTERTXMZF6	\N	\N	Abdul	pbkdf2_sha256$870000$gI5CQUf3ZYiDCjwpkeW7vS$AyhVKaHXVvKxqA2yEBMTxXWRJs0Nxx1PGUfwF10PPkA=	\N	Internal-user	1
Abdul	Wahid	9076776565	abdulwahid.j@droidal.com	Internal-user	Droidal	2CFOFRZNCWITXIFKBB5AKV3Q4R7W35KT	\N	\N	Wahid	pbkdf2_sha256$870000$z7medra9YmwSBva5je049I$drg+USQo7GqcAF9h0s70KzjbSVMPu+lofzwgwKwoIgU=	\N	Internal-user	4
\.


--
-- Data for Name: requestfile; Type: TABLE DATA; Schema: public; Owner: postgres
--

COPY public.requestfile (id, file_path, request_id) FROM stdin;
11	media/Auth\\2mb.pdf	52
12	media/Auth\\2mb.pdf	53
21	media/Auth\\1.pdf	62
22	media/Auth\\1.pdf	63
26	media/Auth\\5-mb-example-file.pdf	66
27	media/Auth\\sample-50-MB-pdf-file.pdf	66
28	media/Auth\\1.pdf	67
29	media/Auth\\1.pdf	68
30	media/Auth\\1.pdf	69
31	media/Auth\\1.pdf	70
32	media/Auth\\1.pdf	71
33	media/Auth\\1.pdf	72
34	media/Auth\\1.pdf	73
35	media/Auth\\2mb.pdf	73
\.


--
-- Data for Name: upstremform; Type: TABLE DATA; Schema: public; Owner: postgres
--

COPY public.upstremform (request_id, request_date, med_record_no, last_name, first_name, mi, request_type, status, encounter, status_date, "time", copies_due, purpose, birthdate, fax_number, ssn, optional_info, requestor, company_no, company, address1, address2, city, state, zip_code, phone, ext, fax, email, tpo, medicare, suspend, empl_open, time_opened, empl_close, close_date, time_closed, cng_open_time, cng_close_time, invoice_no, balance, paper_copy_pages, other_pages, notes, approve_doc_path, approve_doc_status, ev_createddatetime, ev_assigned_createddatetime, ev_closed_createddatetime, ev_remarks, ev_status, ev_assigned_to, ev_assigned_name, misc1_path, misc2_path, misc3_path, misc4_path, misc5_path, misc6_path, patient_date_of_birth, patient_first_name, patient_last_name, request_file, requestor_email, requestor_name, disclosure_method, external_request_createddatetime, request_date2, file_name, file_path, total_amount, total_pages, misc1_pages, misc2_pages, misc3_pages, misc4_pages, misc5_pages, misc6_pages, misc10_pages, misc10_path, misc7_pages, misc7_path, misc8_pages, misc8_path, misc9_pages, misc9_path, invoice_pdf_path, patient_no, invoice_number, patient_from_date, patient_to_date, file_from_date, file_to_date, misc10_end_date, misc10_start_date, misc1_end_date, misc1_start_date, misc2_end_date, misc2_start_date, misc3_end_date, misc3_start_date, misc4_end_date, misc4_start_date, misc5_end_date, misc5_start_date, misc6_end_date, misc6_start_date, misc7_end_date, misc7_start_date, misc8_end_date, misc8_start_date, misc9_end_date, misc9_start_date) FROM stdin;
2	\N	\N	\N	\N	\N	court_order	\N	\N	\N	\N	\N	\N	\N	\N	\N	\N	\N	\N	Dummy Company	Test Address	Test Address	Dummy City	\N	600064	\N	\N	\N	\N	\N	\N	\N	\N	\N	\N	\N	\N	\N	\N	12345678	0.00	\N	\N	Test Note	\N	approved	\N	2024-08-14 14:39:47	\N	Leg	In Progress	Abdul	\N							2024-04-01	Meha	k	media/Auth\\blank_pdf.pdf	wahid.genx@gmail.com	Bella	\N	2024-08-14 14:26:30	2024-08-14	\N	\N	0.00	0	0	0	0	0	0	0	0		0		0		0		\N	2345123	\N	\N	\N	\N	\N	\N	\N	\N	\N	\N	\N	\N	\N	\N	\N	\N	\N	\N	\N	\N	\N	\N	\N	\N	\N
3	\N	\N	\N	\N	\N	hipaa_authorization	\N	\N	\N	\N	\N	\N	\N	\N	\N	\N	\N	\N	Dummy Company	Test Address	Test Address	Dummy City	\N	600064	\N	\N	\N	\N	\N	\N	\N	\N	\N	\N	\N	\N	\N	\N	12345678	27.00	\N	\N	Test Note	\N	approved	\N	2024-08-14 14:45:14	\N	Legally Hold	In Progress	Abdul	\N							2024-07-01	Abc	Bcd	media/Auth\\blank_pdf.pdf	qwerty@iam.in	qwerty	\N	2024-08-14 14:44:29	2024-08-14	\N	\N	27.00	18	0	0	0	0	0	0	0		0		0		0		\N	2331345	\N	\N	\N	\N	\N	\N	\N	\N	\N	\N	\N	\N	\N	\N	\N	\N	\N	\N	\N	\N	\N	\N	\N	\N	\N
4	\N	\N	\N	\N	\N	hipaa_authorization	\N	\N	\N	\N	\N	\N	\N	\N	\N	\N	\N	\N	Dummy Company	Test Address	Test Address	Dummy City	\N	600064	\N	\N	\N	\N	\N	\N	\N	\N	\N	\N	\N	\N	\N	\N	12345678	0.00	\N	\N	Test Notes	\N	approved	\N	2024-08-16 15:43:29	\N	\N	In Progress	Abdul	\N							2024-06-01	Xyz	Zyx	media/Auth\\dummy-pdf_2.pdf	abc@mail.in	ABCD	\N	2024-08-16 14:47:11	2024-08-16	\N	\N	0.00	0	0	0	0	0	0	0	0		0		0		0		\N	123455	\N	\N	\N	\N	\N	\N	\N	\N	\N	\N	\N	\N	\N	\N	\N	\N	\N	\N	\N	\N	\N	\N	\N	\N	\N
5	\N	\N	\N	\N	\N	court_order	\N	\N	\N	\N	\N	\N	\N	\N	\N	\N	\N	\N	Dummy Company	Test Address	Test Address	Dummy City	\N	600064	\N	\N	\N	\N	\N	\N	\N	\N	\N	\N	\N	\N	\N	\N	12345678	13.50	\N	\N	Test Note!	\N	approved	\N	\N	\N	\N	New	\N	\N	/media/blank_pdf_sTizTKS.pdf						2002-12-10	Qwerty	Ytrewq	media/Auth\\blank_pdf.pdf	name@mail.in	Name	\N	2024-08-22 13:32:08	2024-08-22	\N	\N	13.50	9	9	0	0	0	0	0	0		0		0		0		\N	123455	\N	\N	\N	\N	\N	\N	\N	\N	\N	\N	\N	\N	\N	\N	\N	\N	\N	\N	\N	\N	\N	\N	\N	\N	\N
7	\N	\N	\N	\N	\N	court_order	\N	\N	\N	\N	\N	\N	\N	\N	\N	\N	\N	\N	Dummy Company	Test Address	Test Address	Dummy City	\N	600064	\N	\N	\N	\N	\N	\N	\N	\N	\N	\N	\N	\N	\N	\N	12345678	18.00	\N	\N		\N	approved	\N	2024-08-30 13:12:48	2024-08-30 14:10:05	Completed Successfully	Completed	Wahid	\N	/media/dummy-pdf_1_lt0gakT.pdf	/media/blank_pdf_Fbi136M.pdf	/media/dummy-pdf_1_3OXeHRy.pdf	/media/dummy-pdf_2_vjLZuDw.pdf			1989-03-21	Tom	Jerry	media/Auth\\blank_pdf.pdf	asdf@mail.in	Asdf	\N	2024-08-28 16:38:36	2024-08-28	\N	\N	18.00	12	1	9	1	1	0	0	0		0		0		0		C:\\Users\\abdulwahid.j\\Downloads\\droidpointbackupForMe\\droidpointbackup\\media\\Invoice\\172504019621587.pdf		\N	\N	\N	\N	\N	\N	\N	\N	\N	\N	\N	\N	\N	\N	\N	\N	\N	\N	\N	\N	\N	\N	\N	\N	\N
52	\N	\N	\N	\N	\N	Patient	\N	\N	\N	\N	\N	\N	\N	\N	\N	\N	\N	\N					\N		\N	\N	\N	\N	\N	\N	\N	\N	\N	\N	\N	\N	\N	\N		0.00	\N	\N		\N	approved	\N	\N	\N	\N	New	\N	\N							1992-09-10	Patient	1		patient@mal.in	patient2	\N	2024-09-06 11:56:00	2024-09-06	\N	\N	0.00	0	0	0	0	0	0	0	0		0		0		0		\N		\N	\N	\N	\N	\N	\N	\N	\N	\N	\N	\N	\N	\N	\N	\N	\N	\N	\N	\N	\N	\N	\N	\N	\N	\N
62	\N	\N	\N	\N	\N	court_order	\N	\N	\N	\N	\N	\N	\N	\N	\N	\N	\N	\N					\N		\N	\N	\N	\N	\N	\N	\N	\N	\N	\N	\N	\N	\N	\N		0.00	\N	\N		\N	\N	\N	\N	\N	rejected for a reason	Rejected	\N	\N							2024-09-07	eeaftffb	afsvdf		wahid.genzi@gmail.com	adfd	\N	2024-09-06 19:12:29	2024-09-06	\N	\N	0.00	0	0	0	0	0	0	0	0		0		0		0		\N		INV2024090662	\N	\N	\N	\N	\N	\N	\N	\N	\N	\N	\N	\N	\N	\N	\N	\N	\N	\N	\N	\N	\N	\N	\N	\N
68	\N	\N	\N	\N	\N	court_order	\N	\N	\N	\N	\N	\N	\N	\N	\N	\N	\N	\N					\N		\N	\N	\N	\N	\N	\N	\N	\N	\N	\N	\N	\N	\N	\N		0.00	\N	\N		\N	\N	\N	\N	\N	\N	New	\N	\N							2024-09-01	fsb	thsrt		ahedt@mailll.in	ht	\N	2024-09-24 12:14:11	2024-09-24	\N	\N	0.00	0	0	0	0	0	0	0	0		0		0		0		\N		INV2024092468	\N	\N	\N	\N	\N	\N	\N	\N	\N	\N	\N	\N	\N	\N	\N	\N	\N	\N	\N	\N	\N	\N	\N	\N
1	\N	\N	\N	\N	\N	hipaa_authorization	\N	\N	\N	\N	\N	\N	\N	\N	\N	\N	\N	\N	Dummy Company	Test Address	Test Address	Dummy City	\N	600064	\N	\N	\N	\N	\N	\N	\N	\N	\N	\N	\N	\N	\N	\N	12345678	0.00	\N	\N	Test Note	\N	approved	\N	2024-08-14 14:41:47	\N	Legally Hold	In Progress	Abdul	\N							2002-12-10	Tom	Jerry	media/Auth\\dummy-pdf_1.pdf	wahid.genzi@mail.in	Wahid	\N	2024-08-14 13:53:45	2024-08-14	\N	\N	0.00	0	0	0	0	0	0	0	0		0		0		0		\N	20021918	\N	\N	\N	\N	\N	\N	\N	\N	\N	\N	\N	\N	\N	\N	\N	\N	\N	\N	\N	\N	\N	\N	\N	\N	\N
6	\N	\N	\N	\N	\N	court_order	\N	\N	\N	\N	\N	\N	\N	\N	\N	\N	\N	\N	Dummy Company	Test Address	Test Address	Dummy City	\N	600064	\N	\N	\N	\N	\N	\N	\N	\N	\N	\N	\N	\N	\N	\N	12345678	819.00	\N	\N	Dummy Note	\N	approved	\N	2024-08-22 14:02:09	\N	Legally Hold	In Progress	Abdul	\N	/media/2mb_M0Fmjlx.pdf	/media/1_FeeXJdp.pdf					1995-10-20	Asdf	Fdsa	media/Auth\\blank_pdf.pdf	wahid.genzi@gmail.com	Qwer	\N	2024-08-22 14:01:10	2024-08-22	\N	\N	819.00	546	545	1	0	0	0	0	0		0		0		0		C:\\Users\\abdulwahid.j\\Downloads\\droidpointbackupForMe\\droidpointbackup\\media\\Invoice\\172622526243761.pdf	1234	\N	\N	\N	\N	\N	\N	\N	\N	\N	\N	\N	\N	\N	\N	\N	\N	\N	\N	\N	\N	\N	\N	\N	\N	\N
70	\N	\N	\N	\N	\N	court_order	\N	\N	\N	\N	\N	\N	\N	\N	\N	\N	\N	\N					\N		\N	\N	\N	\N	\N	\N	\N	\N	\N	\N	\N	\N	\N	\N		0.00	\N	\N		\N	\N	\N	\N	\N	Rejected	Rejected	\N	\N							2024-09-01	thb	h		th@ml.i	hbt	\N	2024-09-24 12:16:52	2024-09-24	\N	\N	0.00	0	0	0	0	0	0	0	0		0		0		0		\N		INV2024092470	2024-09-01	\N	\N	\N	\N	\N	\N	\N	\N	\N	\N	\N	\N	\N	\N	\N	\N	\N	\N	\N	\N	\N	\N	\N
66	\N	\N	\N	\N	\N	court_order	\N	\N	\N	\N	\N	\N	\N	\N	\N	\N	\N	\N	Droidal				\N		\N	\N	\N	\N	\N	\N	\N	\N	\N	\N	\N	\N	\N	\N		1.50	\N	\N		\N	Pending	\N	2024-09-11 22:12:42	2024-09-23 14:02:15	Rejected	Rejected	Wahid	\N	/media/5-mb-example-file_2kftDWk.pdf						2024-09-07	Patient	22		abdulwahid.j@droidal.com	Abdul	\N	2024-09-11 22:10:53	2024-09-11	\N	\N	1.50	1	1	0	0	0	0	0	0		0		0		0		\N		INV2024091166	2024-08-01	2024-09-01	\N	\N	\N	\N	\N	\N	\N	\N	\N	\N	\N	\N	\N	\N	\N	\N	\N	\N	\N	\N	\N	\N
72	\N	\N	\N	\N	\N	court_order	\N	\N	\N	\N	\N	\N	\N	\N	\N	\N	\N	\N					\N		\N	\N	\N	\N	\N	\N	\N	\N	\N	\N	\N	\N	\N	\N		0.00	\N	\N		\N	\N	\N	\N	\N	\N	New	\N	\N							2024-09-01	vadv	vas		afvsd@m.in	vasdf	\N	2024-09-24 15:00:55	2024-09-24	\N	\N	0.00	0	0	0	0	0	0	0	0		0		0		0		\N		INV2024092472	\N	\N	\N	\N	\N	\N	\N	\N	\N	\N	\N	\N	\N	\N	\N	\N	\N	\N	\N	\N	\N	\N	\N	\N
67	\N	\N	\N	\N	\N	court_order	\N	\N	\N	\N	\N	\N	\N	\N	\N	\N	\N	\N					\N		\N	\N	\N	\N	\N	\N	\N	\N	\N	\N	\N	\N	\N	\N		4.50	\N	\N		\N	approved	\N	2024-09-18 13:32:11	2024-09-24 13:15:57	sgv	Error	Wahid	\N	/media/1_FSFk74l.pdf	/media/1_P7S3SPl.pdf					2024-09-18	Qwerrt	fgdj		abdulwahid.j@droidal.com	vzddvz	\N	2024-09-18 13:28:57	2024-09-18	\N	\N	4.50	3	1	1	0	0	0	0	0		0		0		0		C:\\Users\\abdulwahid.j\\Downloads\\droidpointbackupForMe\\droidpointbackup\\media\\Invoice\\172717798100871.pdf		INV2024091867	2024-09-01	2024-09-01	\N	\N	\N	\N	\N	\N	\N	\N	\N	\N	\N	\N	\N	\N	\N	\N	\N	\N	\N	\N	\N	\N
71	\N	\N	\N	\N	\N	hipaa_authorization	\N	\N	\N	\N	\N	\N	\N	\N	\N	\N	\N	\N					\N		\N	\N	\N	\N	\N	\N	\N	\N	\N	\N	\N	\N	\N	\N		0.00	\N	\N		\N	\N	\N	\N	\N	\N	New	\N	\N							2024-09-01	dfrsbh	htde		hetdar@m.in	htae	\N	2024-09-24 14:16:04	2024-09-24	\N	\N	0.00	0	0	0	0	0	0	0	0		0		0		0		\N		INV2024092471	\N	\N	\N	\N	\N	\N	\N	\N	\N	\N	\N	\N	\N	\N	\N	\N	\N	\N	\N	\N	\N	\N	\N	\N
53	\N	\N	\N	\N	\N	Continuity of Care	\N	\N	\N	\N	\N	\N	\N	\N	\N	\N	\N	\N	Company	dummy address 1	dummy address 2	Chicago	\N	19208	\N	\N	\N	\N	\N	\N	\N	\N	\N	\N	\N	\N	\N	\N		817.50	\N	\N	Dummy Note !..	\N	\N	\N	\N	2024-09-23 14:02:15	Legally Hold for a reason	Completed	\N	\N	/media/2mb.pdf						1996-09-19	patient	2		patient3@mal.no	patient3	\N	2024-09-06 12:00:29	2024-09-06	\N	\N	817.50	545	545	0	0	0	0	0	0		0		0		0		C:\\Users\\abdulwahid.j\\Downloads\\droidpointbackupForMe\\droidpointbackup\\media\\Invoice\\172564670255062.pdf	12345	\N	\N	\N	\N	\N	\N	\N	\N	\N	\N	\N	\N	\N	\N	\N	\N	\N	\N	\N	\N	\N	\N	\N	\N	\N
63	\N	\N	\N	\N	\N	court_order	\N	\N	\N	\N	\N	\N	\N	\N	\N	\N	\N	\N					\N		\N	\N	\N	\N	\N	\N	\N	\N	\N	\N	\N	\N	\N	\N		819.00	\N	\N		\N	approved	\N	\N	2024-09-23 14:02:15	\N	Completed	\N	\N	/media/2mb_K94Jo5j.pdf	/media/1_qsQkU6c.pdf					2024-09-07	gfsfsgt	gadffd		wahid.genzi@gmail.com	afdfd	\N	2024-09-06 19:13:32	2024-09-06	\N	\N	819.00	546	545	1	0	0	0	0	0		0		0		0		C:\\Users\\abdulwahid.j\\Downloads\\droidpointbackupForMe\\droidpointbackup\\media\\Invoice\\172565881827416.pdf		INV2024090663	\N	\N	\N	\N	\N	\N	\N	\N	\N	\N	\N	\N	\N	\N	\N	\N	\N	\N	\N	\N	\N	\N	\N	\N
69	\N	\N	\N	\N	\N	court_order	\N	\N	\N	\N	\N	\N	\N	\N	\N	\N	\N	\N					\N		\N	\N	\N	\N	\N	\N	\N	\N	\N	\N	\N	\N	\N	\N		0.00	\N	\N		\N	\N	\N	\N	\N	\N	New	\N	\N							2024-09-01	ryfjn	jydst		sjy@mail.in	sjryn	\N	2024-09-24 12:14:45	2024-09-24	\N	\N	0.00	0	0	0	0	0	0	0	0		0		0		0		\N		INV2024092469	\N	\N	\N	\N	\N	\N	\N	\N	\N	\N	\N	\N	\N	\N	\N	\N	\N	\N	\N	\N	\N	\N	\N	\N
73	\N	\N	\N	\N	\N	court_order	\N	\N	\N	\N	\N	\N	\N	\N	\N	\N	\N	\N					\N		\N	\N	\N	\N	\N	\N	\N	\N	\N	\N	\N	\N	\N	\N		154.50	\N	\N		\N	approved	\N	2024-09-24 15:04:45	2024-09-24 15:07:02	asdf	Completed	Wahid	\N	/media/1_gIarGYT.pdf						2024-09-01	Patient	2		manoj.b@droidal.com	abdul	\N	2024-09-24 15:03:30	2024-09-24	\N	\N	154.50	103	1	0	0	0	0	0	0		0		0		0		C:\\Users\\abdulwahid.j\\Downloads\\droidpointbackupForMe\\droidpointbackup\\media\\Invoice\\172728212626691.pdf		INV2024092473	2024-09-01	2024-09-02	\N	\N	\N	\N	\N	\N	\N	\N	\N	\N	\N	\N	\N	\N	\N	\N	\N	\N	\N	\N	\N	\N
\.


--
-- Name: auth_group_id_seq; Type: SEQUENCE SET; Schema: public; Owner: postgres
--

SELECT pg_catalog.setval('public.auth_group_id_seq', 1, false);


--
-- Name: auth_group_permissions_id_seq; Type: SEQUENCE SET; Schema: public; Owner: postgres
--

SELECT pg_catalog.setval('public.auth_group_permissions_id_seq', 1, false);


--
-- Name: auth_permission_id_seq; Type: SEQUENCE SET; Schema: public; Owner: postgres
--

SELECT pg_catalog.setval('public.auth_permission_id_seq', 60, true);


--
-- Name: auth_user_groups_id_seq; Type: SEQUENCE SET; Schema: public; Owner: postgres
--

SELECT pg_catalog.setval('public.auth_user_groups_id_seq', 1, false);


--
-- Name: auth_user_id_seq; Type: SEQUENCE SET; Schema: public; Owner: postgres
--

SELECT pg_catalog.setval('public.auth_user_id_seq', 4, true);


--
-- Name: auth_user_user_permissions_id_seq; Type: SEQUENCE SET; Schema: public; Owner: postgres
--

SELECT pg_catalog.setval('public.auth_user_user_permissions_id_seq', 1, false);


--
-- Name: casform_casid_seq; Type: SEQUENCE SET; Schema: public; Owner: postgres
--

SELECT pg_catalog.setval('public.casform_casid_seq', 1, false);


--
-- Name: charging_list_id_seq; Type: SEQUENCE SET; Schema: public; Owner: postgres
--

SELECT pg_catalog.setval('public.charging_list_id_seq', 71, true);


--
-- Name: django_admin_log_id_seq; Type: SEQUENCE SET; Schema: public; Owner: postgres
--

SELECT pg_catalog.setval('public.django_admin_log_id_seq', 1, false);


--
-- Name: django_content_type_id_seq; Type: SEQUENCE SET; Schema: public; Owner: postgres
--

SELECT pg_catalog.setval('public.django_content_type_id_seq', 15, true);


--
-- Name: django_migrations_id_seq; Type: SEQUENCE SET; Schema: public; Owner: postgres
--

SELECT pg_catalog.setval('public.django_migrations_id_seq', 78, true);


--
-- Name: evrequest_evdetails_ev_id_seq; Type: SEQUENCE SET; Schema: public; Owner: postgres
--

SELECT pg_catalog.setval('public.evrequest_evdetails_ev_id_seq', 1, false);


--
-- Name: register_userdetails_user_ID_seq; Type: SEQUENCE SET; Schema: public; Owner: postgres
--

SELECT pg_catalog.setval('public."register_userdetails_user_ID_seq"', 4, true);


--
-- Name: requestfile_id_seq; Type: SEQUENCE SET; Schema: public; Owner: postgres
--

SELECT pg_catalog.setval('public.requestfile_id_seq', 35, true);


--
-- Name: upstremform_request_id_seq; Type: SEQUENCE SET; Schema: public; Owner: postgres
--

SELECT pg_catalog.setval('public.upstremform_request_id_seq', 73, true);


--
-- Name: auth_group auth_group_name_key; Type: CONSTRAINT; Schema: public; Owner: postgres
--

ALTER TABLE ONLY public.auth_group
    ADD CONSTRAINT auth_group_name_key UNIQUE (name);


--
-- Name: auth_group_permissions auth_group_permissions_group_id_permission_id_0cd325b0_uniq; Type: CONSTRAINT; Schema: public; Owner: postgres
--

ALTER TABLE ONLY public.auth_group_permissions
    ADD CONSTRAINT auth_group_permissions_group_id_permission_id_0cd325b0_uniq UNIQUE (group_id, permission_id);


--
-- Name: auth_group_permissions auth_group_permissions_pkey; Type: CONSTRAINT; Schema: public; Owner: postgres
--

ALTER TABLE ONLY public.auth_group_permissions
    ADD CONSTRAINT auth_group_permissions_pkey PRIMARY KEY (id);


--
-- Name: auth_group auth_group_pkey; Type: CONSTRAINT; Schema: public; Owner: postgres
--

ALTER TABLE ONLY public.auth_group
    ADD CONSTRAINT auth_group_pkey PRIMARY KEY (id);


--
-- Name: auth_permission auth_permission_content_type_id_codename_01ab375a_uniq; Type: CONSTRAINT; Schema: public; Owner: postgres
--

ALTER TABLE ONLY public.auth_permission
    ADD CONSTRAINT auth_permission_content_type_id_codename_01ab375a_uniq UNIQUE (content_type_id, codename);


--
-- Name: auth_permission auth_permission_pkey; Type: CONSTRAINT; Schema: public; Owner: postgres
--

ALTER TABLE ONLY public.auth_permission
    ADD CONSTRAINT auth_permission_pkey PRIMARY KEY (id);


--
-- Name: auth_user_groups auth_user_groups_pkey; Type: CONSTRAINT; Schema: public; Owner: postgres
--

ALTER TABLE ONLY public.auth_user_groups
    ADD CONSTRAINT auth_user_groups_pkey PRIMARY KEY (id);


--
-- Name: auth_user_groups auth_user_groups_user_id_group_id_94350c0c_uniq; Type: CONSTRAINT; Schema: public; Owner: postgres
--

ALTER TABLE ONLY public.auth_user_groups
    ADD CONSTRAINT auth_user_groups_user_id_group_id_94350c0c_uniq UNIQUE (user_id, group_id);


--
-- Name: auth_user auth_user_pkey; Type: CONSTRAINT; Schema: public; Owner: postgres
--

ALTER TABLE ONLY public.auth_user
    ADD CONSTRAINT auth_user_pkey PRIMARY KEY (id);


--
-- Name: auth_user_user_permissions auth_user_user_permissions_pkey; Type: CONSTRAINT; Schema: public; Owner: postgres
--

ALTER TABLE ONLY public.auth_user_user_permissions
    ADD CONSTRAINT auth_user_user_permissions_pkey PRIMARY KEY (id);


--
-- Name: auth_user_user_permissions auth_user_user_permissions_user_id_permission_id_14a6b632_uniq; Type: CONSTRAINT; Schema: public; Owner: postgres
--

ALTER TABLE ONLY public.auth_user_user_permissions
    ADD CONSTRAINT auth_user_user_permissions_user_id_permission_id_14a6b632_uniq UNIQUE (user_id, permission_id);


--
-- Name: auth_user auth_user_username_key; Type: CONSTRAINT; Schema: public; Owner: postgres
--

ALTER TABLE ONLY public.auth_user
    ADD CONSTRAINT auth_user_username_key UNIQUE (username);


--
-- Name: casform casform_pkey; Type: CONSTRAINT; Schema: public; Owner: postgres
--

ALTER TABLE ONLY public.casform
    ADD CONSTRAINT casform_pkey PRIMARY KEY (casid);


--
-- Name: charging_list charging_list_pkey; Type: CONSTRAINT; Schema: public; Owner: postgres
--

ALTER TABLE ONLY public.charging_list
    ADD CONSTRAINT charging_list_pkey PRIMARY KEY (id);


--
-- Name: django_admin_log django_admin_log_pkey; Type: CONSTRAINT; Schema: public; Owner: postgres
--

ALTER TABLE ONLY public.django_admin_log
    ADD CONSTRAINT django_admin_log_pkey PRIMARY KEY (id);


--
-- Name: django_content_type django_content_type_app_label_model_76bd3d3b_uniq; Type: CONSTRAINT; Schema: public; Owner: postgres
--

ALTER TABLE ONLY public.django_content_type
    ADD CONSTRAINT django_content_type_app_label_model_76bd3d3b_uniq UNIQUE (app_label, model);


--
-- Name: django_content_type django_content_type_pkey; Type: CONSTRAINT; Schema: public; Owner: postgres
--

ALTER TABLE ONLY public.django_content_type
    ADD CONSTRAINT django_content_type_pkey PRIMARY KEY (id);


--
-- Name: django_migrations django_migrations_pkey; Type: CONSTRAINT; Schema: public; Owner: postgres
--

ALTER TABLE ONLY public.django_migrations
    ADD CONSTRAINT django_migrations_pkey PRIMARY KEY (id);


--
-- Name: django_session django_session_pkey; Type: CONSTRAINT; Schema: public; Owner: postgres
--

ALTER TABLE ONLY public.django_session
    ADD CONSTRAINT django_session_pkey PRIMARY KEY (session_key);


--
-- Name: evrequest_evdetails evrequest_evdetails_pkey; Type: CONSTRAINT; Schema: public; Owner: postgres
--

ALTER TABLE ONLY public.evrequest_evdetails
    ADD CONSTRAINT evrequest_evdetails_pkey PRIMARY KEY (ev_id);


--
-- Name: register_userdetails register_userdetails_pkey; Type: CONSTRAINT; Schema: public; Owner: postgres
--

ALTER TABLE ONLY public.register_userdetails
    ADD CONSTRAINT register_userdetails_pkey PRIMARY KEY ("user_ID");


--
-- Name: requestfile requestfile_pkey; Type: CONSTRAINT; Schema: public; Owner: postgres
--

ALTER TABLE ONLY public.requestfile
    ADD CONSTRAINT requestfile_pkey PRIMARY KEY (id);


--
-- Name: upstremform upstremform_pkey; Type: CONSTRAINT; Schema: public; Owner: postgres
--

ALTER TABLE ONLY public.upstremform
    ADD CONSTRAINT upstremform_pkey PRIMARY KEY (request_id);


--
-- Name: auth_group_name_a6ea08ec_like; Type: INDEX; Schema: public; Owner: postgres
--

CREATE INDEX auth_group_name_a6ea08ec_like ON public.auth_group USING btree (name varchar_pattern_ops);


--
-- Name: auth_group_permissions_group_id_b120cbf9; Type: INDEX; Schema: public; Owner: postgres
--

CREATE INDEX auth_group_permissions_group_id_b120cbf9 ON public.auth_group_permissions USING btree (group_id);


--
-- Name: auth_group_permissions_permission_id_84c5c92e; Type: INDEX; Schema: public; Owner: postgres
--

CREATE INDEX auth_group_permissions_permission_id_84c5c92e ON public.auth_group_permissions USING btree (permission_id);


--
-- Name: auth_permission_content_type_id_2f476e4b; Type: INDEX; Schema: public; Owner: postgres
--

CREATE INDEX auth_permission_content_type_id_2f476e4b ON public.auth_permission USING btree (content_type_id);


--
-- Name: auth_user_groups_group_id_97559544; Type: INDEX; Schema: public; Owner: postgres
--

CREATE INDEX auth_user_groups_group_id_97559544 ON public.auth_user_groups USING btree (group_id);


--
-- Name: auth_user_groups_user_id_6a12ed8b; Type: INDEX; Schema: public; Owner: postgres
--

CREATE INDEX auth_user_groups_user_id_6a12ed8b ON public.auth_user_groups USING btree (user_id);


--
-- Name: auth_user_user_permissions_permission_id_1fbb5f2c; Type: INDEX; Schema: public; Owner: postgres
--

CREATE INDEX auth_user_user_permissions_permission_id_1fbb5f2c ON public.auth_user_user_permissions USING btree (permission_id);


--
-- Name: auth_user_user_permissions_user_id_a95ead1b; Type: INDEX; Schema: public; Owner: postgres
--

CREATE INDEX auth_user_user_permissions_user_id_a95ead1b ON public.auth_user_user_permissions USING btree (user_id);


--
-- Name: auth_user_username_6821ab7c_like; Type: INDEX; Schema: public; Owner: postgres
--

CREATE INDEX auth_user_username_6821ab7c_like ON public.auth_user USING btree (username varchar_pattern_ops);


--
-- Name: django_admin_log_content_type_id_c4bce8eb; Type: INDEX; Schema: public; Owner: postgres
--

CREATE INDEX django_admin_log_content_type_id_c4bce8eb ON public.django_admin_log USING btree (content_type_id);


--
-- Name: django_admin_log_user_id_c564eba6; Type: INDEX; Schema: public; Owner: postgres
--

CREATE INDEX django_admin_log_user_id_c564eba6 ON public.django_admin_log USING btree (user_id);


--
-- Name: django_session_expire_date_a5c62663; Type: INDEX; Schema: public; Owner: postgres
--

CREATE INDEX django_session_expire_date_a5c62663 ON public.django_session USING btree (expire_date);


--
-- Name: django_session_session_key_c0390e0f_like; Type: INDEX; Schema: public; Owner: postgres
--

CREATE INDEX django_session_session_key_c0390e0f_like ON public.django_session USING btree (session_key varchar_pattern_ops);


--
-- Name: requestfile_request_id_e9b9f598; Type: INDEX; Schema: public; Owner: postgres
--

CREATE INDEX requestfile_request_id_e9b9f598 ON public.requestfile USING btree (request_id);


--
-- Name: auth_group_permissions auth_group_permissio_permission_id_84c5c92e_fk_auth_perm; Type: FK CONSTRAINT; Schema: public; Owner: postgres
--

ALTER TABLE ONLY public.auth_group_permissions
    ADD CONSTRAINT auth_group_permissio_permission_id_84c5c92e_fk_auth_perm FOREIGN KEY (permission_id) REFERENCES public.auth_permission(id) DEFERRABLE INITIALLY DEFERRED;


--
-- Name: auth_group_permissions auth_group_permissions_group_id_b120cbf9_fk_auth_group_id; Type: FK CONSTRAINT; Schema: public; Owner: postgres
--

ALTER TABLE ONLY public.auth_group_permissions
    ADD CONSTRAINT auth_group_permissions_group_id_b120cbf9_fk_auth_group_id FOREIGN KEY (group_id) REFERENCES public.auth_group(id) DEFERRABLE INITIALLY DEFERRED;


--
-- Name: auth_permission auth_permission_content_type_id_2f476e4b_fk_django_co; Type: FK CONSTRAINT; Schema: public; Owner: postgres
--

ALTER TABLE ONLY public.auth_permission
    ADD CONSTRAINT auth_permission_content_type_id_2f476e4b_fk_django_co FOREIGN KEY (content_type_id) REFERENCES public.django_content_type(id) DEFERRABLE INITIALLY DEFERRED;


--
-- Name: auth_user_groups auth_user_groups_group_id_97559544_fk_auth_group_id; Type: FK CONSTRAINT; Schema: public; Owner: postgres
--

ALTER TABLE ONLY public.auth_user_groups
    ADD CONSTRAINT auth_user_groups_group_id_97559544_fk_auth_group_id FOREIGN KEY (group_id) REFERENCES public.auth_group(id) DEFERRABLE INITIALLY DEFERRED;


--
-- Name: auth_user_groups auth_user_groups_user_id_6a12ed8b_fk_auth_user_id; Type: FK CONSTRAINT; Schema: public; Owner: postgres
--

ALTER TABLE ONLY public.auth_user_groups
    ADD CONSTRAINT auth_user_groups_user_id_6a12ed8b_fk_auth_user_id FOREIGN KEY (user_id) REFERENCES public.auth_user(id) DEFERRABLE INITIALLY DEFERRED;


--
-- Name: auth_user_user_permissions auth_user_user_permi_permission_id_1fbb5f2c_fk_auth_perm; Type: FK CONSTRAINT; Schema: public; Owner: postgres
--

ALTER TABLE ONLY public.auth_user_user_permissions
    ADD CONSTRAINT auth_user_user_permi_permission_id_1fbb5f2c_fk_auth_perm FOREIGN KEY (permission_id) REFERENCES public.auth_permission(id) DEFERRABLE INITIALLY DEFERRED;


--
-- Name: auth_user_user_permissions auth_user_user_permissions_user_id_a95ead1b_fk_auth_user_id; Type: FK CONSTRAINT; Schema: public; Owner: postgres
--

ALTER TABLE ONLY public.auth_user_user_permissions
    ADD CONSTRAINT auth_user_user_permissions_user_id_a95ead1b_fk_auth_user_id FOREIGN KEY (user_id) REFERENCES public.auth_user(id) DEFERRABLE INITIALLY DEFERRED;


--
-- Name: django_admin_log django_admin_log_content_type_id_c4bce8eb_fk_django_co; Type: FK CONSTRAINT; Schema: public; Owner: postgres
--

ALTER TABLE ONLY public.django_admin_log
    ADD CONSTRAINT django_admin_log_content_type_id_c4bce8eb_fk_django_co FOREIGN KEY (content_type_id) REFERENCES public.django_content_type(id) DEFERRABLE INITIALLY DEFERRED;


--
-- Name: django_admin_log django_admin_log_user_id_c564eba6_fk_auth_user_id; Type: FK CONSTRAINT; Schema: public; Owner: postgres
--

ALTER TABLE ONLY public.django_admin_log
    ADD CONSTRAINT django_admin_log_user_id_c564eba6_fk_auth_user_id FOREIGN KEY (user_id) REFERENCES public.auth_user(id) DEFERRABLE INITIALLY DEFERRED;


--
-- Name: requestfile requestfile_request_id_e9b9f598_fk_upstremform_request_id; Type: FK CONSTRAINT; Schema: public; Owner: postgres
--

ALTER TABLE ONLY public.requestfile
    ADD CONSTRAINT requestfile_request_id_e9b9f598_fk_upstremform_request_id FOREIGN KEY (request_id) REFERENCES public.upstremform(request_id) DEFERRABLE INITIALLY DEFERRED;


--
-- PostgreSQL database dump complete
--

